ISS (ZARYA)
1 25544U 98067A   26223.85882082  .00003962  00000+0  78925-4 0  9990
2 25544  51.6321  24.5691 0007498  37.4058 322.7451 15.49415511580386
POISK
1 36086U 09060A   26223.85882082  .00003962  00000+0  78925-4 0  9998
2 36086  51.6321  24.5691 0007498  37.4058 322.7451 15.49415511580446
CSS (TIANHE)
1 48274U 21035A   26223.76910550  .00000041  00000+0  46707-5 0  9997
2 48274  41.4711 344.5962 0001059 257.9236 102.1484 15.58950765301844
ISS (NAUKA)
1 49044U 21066A   26223.85882082  .00003962  00000+0  78925-4 0  9996
2 49044  51.6321  24.5691 0007498  37.4058 322.7451 15.49415511580488
FREGAT DEB
1 49271U 11037PF  26223.30629417  .00009142  00000+0  14597-1 0  9994
2 49271  51.6390 196.0660 0914577  43.3645 323.5599 12.43382546231904
CSS (WENTIAN)
1 53239U 22085A   26223.25660750  .00007183  00000+0  93942-4 0  9994
2 53239  41.4700 347.7065 0001158 259.0958 100.9750 15.58953907288232
CSS (MENGTIAN)
1 54216U 22143A   26223.76910550  .00000041  00000+0  46707-5 0  9991
2 54216  41.4711 344.5962 0001059 257.9236 102.1484 15.58950765301982
HRC MONOBLOCK CAMERA
1 66052U 98067XR  26223.59574499  .00080264  00000+0  35372-3 0  9998
2 66052  51.6202 352.6294 0004611 328.2561  31.8164 15.83799086 46758
SZ-21 MODULE
1 66515U 25246C   26223.62589389  .00033275  00000+0  16351-3 0  9995
2 66515  41.4728 320.7866 0007781  41.8188 318.3251 15.81424857 42505
DUPLEX
1 66906U 98067XS  26223.68432456  .00025870  00000+0  24578-3 0  9990
2 66906  51.6268   8.3668 0002958  22.5055 337.6070 15.66686945 39342
KNACKSAT-2
1 67683U 98067XZ  26223.67443359  .00031407  00000+0  31640-3 0  9997
2 67683  51.6280  14.3224 0007072  47.5405 312.6187 15.65084052 28959
GXIBA-1
1 67685U 98067YB  26223.79201895  .00042141  00000+0  37775-3 0  9991
2 67685  51.6251  12.0899 0007535  42.4883 317.6695 15.67842533 28991
UITMSAT-2
1 67686U 98067YC  26223.63823794  .00072369  00000+0  48961-3 0  9997
2 67686  51.6239   9.5394 0005549 355.0611   5.0333 15.74349184 29017
LEOPARD
1 67687U 98067YD  26223.71349113  .00048408  00000+0  43941-3 0  9995
2 67687  51.6277  13.0958 0005907   6.8125 353.2950 15.67485004 28897
HMU-SAT2
1 67688U 98067YE  26223.64486447  .00056725  00000+0  44271-3 0  9998
2 67688  51.6265  11.1138 0005327   3.0434 357.0595 15.71089059 28917
CREW DRAGON 12
1 67796U 26031A   26223.85882082  .00003962  00000+0  78925-4 0  9997
2 67796  51.6321  24.5691 0007498  37.4058 322.7451 15.49415511580527
PROGRESS-MS 33
1 68319U 26058A   26223.85882082  .00003962  00000+0  78925-4 0  9998
2 68319  51.6321  24.5691 0007498  37.4058 322.7451 15.49415511580608
CYGNUS NG-24
1 68689U 26079A   26223.14934248  .00003640  00000+0  73197-4 0  9994
2 68689  51.6325  28.0815 0007435  34.6982 325.4490 15.49408704580536
PROGRESS-MS 34
1 68837U 26093A   26223.14934248  .00003640  00000+0  73197-4 0  9995
2 68837  51.6325  28.0815 0007435  34.6982 325.4490 15.49408704580575
TIANZHOU-10
1 69049U 26102A   26223.25660750  .00007183  00000+0  93942-4 0  9994
2 69049  41.4700 347.7065 0001158 259.0958 100.9750 15.58953907301807
SHENZHOU-23 (SZ-23)
1 69180U 26113A   26223.25660750  .00007183  00000+0  93942-4 0  9992
2 69180  41.4700 347.7065 0001158 259.0958 100.9750 15.58953907301397
ATLAS CENTAUR 2
1 00694U 63047A   26223.82820279  .00000589  00000+0  60266-4 0  9997
2 00694  30.3552  48.2043 0545552   8.2289 352.6854 14.12598940153572
THOR AGENA D R/B
1 00733U 64002A   26223.76420198  .00000062  00000+0  39363-4 0  9992
2 00733  99.1156 245.4939 0033129 165.2103 195.0057 14.34085080260523
SL-3 R/B
1 00877U 64053B   26223.75889293 -.00000021  00000+0  20307-4 0  9995
2 00877  65.0748 236.5676 0079095 243.6203 115.6762 14.61450813289458
SL-8 R/B
1 02802U 67045B   26223.86016178  .00000082  00000+0  30461-4 0  9993
2 02802  74.0096  58.2739 0063714  27.4914 332.9589 14.45706731111440
SL-8 R/B
1 03230U 68040B   26223.79402500  .00001621  00000+0  11956-3 0  9992
2 03230  74.0311 356.5409 0023401 136.7359 223.5673 15.04070107113325
OAO 2
1 03597U 68110A   26223.79442104  .00000084  00000+0  27683-4 0  9997
2 03597  34.9929 119.1835 0005425 353.8305   6.2318 14.47370042 41583
ISIS 1
1 03669U 69009A   26223.78112292  .00000088  00000+0  47389-4 0  9995
2 03669  88.4452 138.2987 1707357 135.9731 239.0787 11.30440417366055
SERT 2
1 04327U 70009A   26223.85122794  .00000001  00000+0  58222-4 0  9998
2 04327  99.2842 158.5779 0005592 122.2920 305.0056 13.58743008800964
SL-3 R/B
1 05118U 71028B   26223.80083802  .00040470  00000+0  26819-3 0  9990
2 05118  81.2277 218.4588 0014588  93.5508 266.7421 15.75170224 12988
ASTEX 1
1 05560U 71089A   26223.86794338  .00000191  00000+0  48677-4 0  9990
2 05560  92.7039 201.7952 0013163 282.7346  77.2388 14.50890330884806
SL-8 R/B
1 05730U 71119B   26223.46698088  .00003301  00000+0  17054-3 0  9994
2 05730  73.8832 245.8046 0540792 180.6002 179.4582 14.40051467677751
OAO 3 (COPERNICUS)
1 06153U 72065A   26223.90151855  .00000112  00000+0  27172-4 0  9990
2 06153  35.0051 132.9398 0006656 344.4448  82.8438 14.60086627868892
ATLAS CENTAUR R/B
1 06155U 72065B   26223.80685725  .00000391  00000+0  56077-4 0  9994
2 06155  35.0011 116.4476 0034214 236.9188 122.8225 14.78001001864225
SL-8 R/B
1 08459U 75112B   26223.82524052  .00000069  00000+0  31206-4 0  9995
2 08459  74.0596  93.5186 0015140 148.8109 211.3947 14.38267081654173
SL-3 R/B
1 10114U 77057B   26223.79422325  .00006216  00000+0  11697-3 0  9993
2 10114  97.5862  43.0825 0008227  84.2759 275.9429 15.48912435692313
SEASAT 1
1 10967U 78064A   26223.57354523 -.00000018  00000+0  33525-4 0  9998
2 10967 108.0145  90.5593 0001269 296.0457  64.0558 14.46271915528908
SL-14 R/B
1 11267U 79011B   26223.77167867  .00000221  00000+0  19240-4 0  9993
2 11267  82.5260 309.4091 0014410 258.0815 101.8789 14.92058251551908
SL-8 R/B
1 11574U 79089B   26223.82867032  .00000111  00000+0  41467-4 0  9990
2 11574  74.0694 163.8542 0016770 294.2630  65.6774 14.42425486458479
SL-14 R/B
1 11672U 80005B   26223.88705112  .00000259  00000+0  23568-4 0  9990
2 11672  82.5167 160.0081 0015992  11.8792 348.2801 14.91072710499615
SL-8 R/B
1 12139U 81003B   26223.82626484  .00013807  00000+0  32591-3 0  9994
2 12139  82.9391 146.0167 0244114 357.3769   2.6162 15.16230525338147
SL-3 R/B
1 12465U 81046B   26223.83143608  .00005864  00000+0  12188-3 0  9990
2 12465  81.2298 102.9817 0016842 192.8945 167.1872 15.45287237462364
SL-3 R/B
1 12904U 81103B   26223.85246355  .00002102  00000+0  88947-4 0  9996
2 12904  81.1571  31.2051 0013665 120.7562 239.5018 15.22669392996835
SL-3 R/B
1 13068U 82013B   26223.80669023  .00001809  00000+0  75022-4 0  9998
2 13068  81.1762 338.7554 0021977  18.5793 341.6237 15.23126499427954
SL-3 R/B
1 13154U 82039B   26223.87130060  .00001090  00000+0  63527-4 0  9992
2 13154  81.1514  36.7594 0030284 167.4766 192.7220 15.10800059405061
SL-3 R/B
1 13403U 82079B   26223.85134167  .00002304  00000+0  87267-4 0  9999
2 13403  81.1467   9.6148 0023644   2.2666 357.8671 15.26231607401352
SL-14 R/B
1 13553U 82092B   26223.85576462  .00000222  00000+0  21985-4 0  9990
2 13553  82.5701 356.2062 0021238 142.9375 333.6498 14.86783004351986
SL-3 R/B
1 13819U 83010B   26223.83940025  .00007512  00000+0  13045-3 0  9990
2 13819  81.1023 171.3535 0013335 214.8873 145.1501 15.50554194381954
SL-3 R/B
1 14208U 83075B   26223.84887980  .00005666  00000+0  13649-3 0  9993
2 14208  97.6115 234.6700 0021221  38.2851 321.9897 15.41462249354035
COSMOS 1536
1 14699U 84013A   26223.79205080  .00003338  00000+0  12955-3 0  9992
2 14699  82.5468 313.4444 0015478  97.3328 262.9670 15.25631186296258
SL-14 R/B
1 14820U 84027B   26223.76458985  .00000180  00000+0  17687-4 0  9994
2 14820  82.5405  99.5983 0017967 174.9385 185.2016 14.86093320270661
SL-8 R/B
1 15483U 85006B   26223.76405639  .00000082  00000+0  35877-4 0  9998
2 15483  74.0478 335.7871 0018848 214.9147 297.4265 14.37856245176312
SL-12 R/B(2)
1 15772U 85042D   26223.87709198 -.00000039  00000+0  40822-5 0  9998
2 15772  71.1079 119.8588 0037068 245.5188 186.9484 14.22015837136458
SL-14 R/B
1 15945U 85069B   26223.56722770  .00000205  00000+0  20251-4 0  9993
2 15945  82.5236 239.2788 0019804  43.0538 317.2224 14.86549532195841
SL-16 R/B
1 16182U 85097B   26223.83126399  .00000238  00000+0  14296-3 0  9990
2 16182  71.0026 173.9294 0007088   3.0713  17.6011 14.16617588109203
SL-14 R/B
1 16496U 86006B   26223.77013400  .00000287  00000+0  27365-4 0  9996
2 16496  82.5270 113.8113 0077657 117.8878 243.0232 14.86987646172254
COSMOS 1743
1 16719U 86034A   26223.54746720  .00030109  00000+0  22683-3 0  9991
2 16719  82.5238 269.6367 0004933 100.8739 259.3080 15.72330572204479
SL-14 R/B
1 16792U 86046B   26223.71706981  .00000187  00000+0  18560-4 0  9992
2 16792  82.4824 293.7111 0024601  76.7115 283.6842 14.85707512149422
SL-14 R/B
1 16882U 86055B   26223.85270141  .00000206  00000+0  20830-4 0  9996
2 16882  82.5233 340.7959 0019003 174.1242 303.7358 14.85757834142403
AJISAI (EGS)
1 16908U 86061A   26223.81179449 -.00000090  00000+0  54262-4 0  9995
2 16908  50.0119 336.3528 0011126 322.3806 213.1402 12.44516740487317
SL-14 R/B
1 17567U 87024B   26223.69413440  .00000195  00000+0  19260-4 0  9999
2 17567  82.5300 307.0840 0019749 106.2565 254.0826 14.86249407111154
COSMOS 1833
1 17589U 87027A   26223.81925867 -.00000205  00000+0 -83826-4 0  9994
2 17589  70.9229 359.9385 0026309 326.4266  33.5187 14.13065277 32235
SL-16 R/B
1 17590U 87027B   26223.69518299  .00000136  00000+0  91238-4 0  9996
2 17590  71.0043 309.8577 0007160 252.9141 107.1199 14.17178120 37309
SL-14 R/B
1 17912U 87038B   26223.83628765  .00000194  00000+0  19591-4 0  9998
2 17912  82.5038 150.6597 0019671  16.5434 343.6419 14.85479167102261
COSMOS 1844
1 17973U 87041A   26223.82939279  .00000032  00000+0  41602-4 0  9992
2 17973  70.8957  66.9393 0029979 153.0604 207.2082 14.14576384 25524
SL-14 R/B
1 18153U 87055B   26223.65108204  .00000178  00000+0  17627-4 0  9996
2 18153  82.4985 202.9389 0019553 217.5539 142.4313 14.85741316 92946
COSMOS 1867
1 18187U 87060A   26223.74242161 -.00000054  00000+0  17315-4 0  9998
2 18187  65.0084 232.4716 0017819 281.7251  78.1834 14.31520918 42132
SL-14 R/B
1 18749U 88001B   26223.79168772  .00000210  00000+0  21385-4 0  9993
2 18749  82.5106  49.4481 0019586  85.9677 274.3778 14.85641510 65053
COSMOS 1933
1 18958U 88020A   26223.70590898  .00001617  00000+0  75696-4 0  9991
2 18958  82.5113  97.4433 0005067  39.0139 321.1460 15.19038569 73752
SL-3 R/B
1 19046U 88032B   26223.89877147  .00002397  00000+0  10964-3 0  9990
2 19046  97.5303 206.9118 0026842  55.0013 305.3736 15.21223020 75694
SL-16 R/B
1 19120U 88039B   26223.85631214 -.00000014  00000+0  16221-4 0  9997
2 19120  71.0140 100.4476 0019675 103.1079 257.2244 14.19633756980401
COSMOS 1953
1 19210U 88050A   26223.85958433  .00004208  00000+0  14076-3 0  9998
2 19210  82.5088   1.8568 0009262 298.1866  61.8439 15.30655730 61501
SL-8 R/B
1 19257U 88053B   26223.90149105  .00000023  00000+0  16027-4 0  9996
2 19257  74.0469 186.3540 0020778 325.4621  97.4181 14.38984577998923
COSMOS 1975
1 19573U 88093A   26223.75787448  .00003158  00000+0  10753-3 0  9993
2 19573  82.5220 321.7805 0010429 350.1899   9.9136 15.29971904 43106
SL-14 R/B
1 19574U 88093B   26223.85518705  .00000183  00000+0  18190-4 0  9992
2 19574  82.5281 256.3819 0019209 242.5260 290.5353 14.85773269 24050
SL-16 R/B
1 19650U 88102B   26223.87692472 -.00000090  00000+0 -21386-4 0  9994
2 19650  70.9984 184.9594 0012747 141.4233 218.7803 14.16168178948866
INTERCOSMOS 24
1 20261U 89080A   26223.84733623  .00000166  00000+0  48582-4 0  9990
2 20261  82.6099   3.4103 1186128 292.7216  55.2853 12.59702251686332
SL-14 R/B
1 20262U 89080C   26223.84621784  .00000191  00000+0  52920-4 0  9994
2 20262  82.5887  73.5384 1229533 190.0562 167.3720 12.50584807679547
DELTA 1 R/B
1 20323U 89089B   26223.53457759  .00000126  00000+0  39870-4 0  9993
2 20323  97.0646  46.2397 0068901 354.5857   5.4588 14.50760717918181
ARIANE 40 R/B
1 20443U 90005H   26223.77386021  .00000083  00000+0  39773-4 0  9999
2 20443  98.2920 279.6502 0011426  97.9228 262.3258 14.39951611915123
DELTA 2 R/B(1)
1 20453U 90008B   26223.37365568  .00092657  00000+0  43653-3 0  9991
2 20453  35.5961 223.6567 0048536 274.0118  85.5078 15.80004089950401
COSMOS 2058
1 20465U 90010A   26223.58810694  .00001065  00000+0  59776-4 0  9992
2 20465  82.4640 254.7083 0010376 150.6074 209.5742 15.12269613965647
SL-14 R/B
1 20466U 90010B   26223.80788301  .00000180  00000+0  18763-4 0  9995
2 20466  82.5031 121.7145 0020609 144.8444 215.4136 14.83677086951485
SL-14 R/B
1 20511U 90018B   26223.70493991  .00000164  00000+0  17568-4 0  9995
2 20511  82.5186  78.2095 0014869 305.1109  54.8710 14.82247533945540
HST
1 20580U 90037B   26223.87465560  .00003455  00000+0  10355-3 0  9993
2 20580  28.4728  59.7996 0002396  47.9337 312.1463 15.31320847797115
SL-16 R/B
1 20625U 90046B   26223.72346941 -.00000263  00000+0 -11113-3 0  9997
2 20625  71.0010 332.3085 0012107  64.7961 295.4416 14.15027009870324
COSMOS 2084
1 20663U 90055A   26223.82856259  .00000973  00000+0  79675-4 0  9992
2 20663  62.7885 166.1474 0011837 336.7061  23.3502 15.06312236959681
SL-6 R/B(2)
1 20666U 90055D   26223.89523142  .00000780  00000+0  69310-4 0  9995
2 20666  62.7811  85.7796 0049334  12.6689 347.5637 15.04190261961532
SL-8 R/B
1 20775U 90078B   26223.80703765  .00006304  00000+0  17626-3 0  9993
2 20775  82.9019 111.3006 0342508 209.4886 148.6634 14.94014621832426
SL-8 R/B
1 21088U 91006B   26223.63045161  .00000138  00000+0  12344-3 0  9994
2 21088  82.9391  54.7748 0021601 324.0551 100.7890 13.77514853785401
OKEAN-3
1 21397U 91039A   26223.83862041  .00001847  00000+0  12614-3 0  9997
2 21397  82.5170 186.4057 0014498 154.0810 206.1146 15.05541380888379
COSMOS 2151
1 21422U 91042A   26223.80893708  .00000846  00000+0  64825-4 0  9991
2 21422  82.4968 294.0042 0010746 252.0742 107.9311 15.00575666886455
SL-14 R/B
1 21423U 91042B   26223.65586816  .00000174  00000+0  18972-4 0  9990
2 21423  82.4901  74.8717 0018547  91.7113 268.6225 14.81930802876029
ERS-1
1 21574U 91050A   26223.77037052  .00000133  00000+0  56999-4 0  9998
2 21574  98.7797 245.8252 0033072 101.8031 258.6869 14.39547923838049
ARIANE 40 R/B
1 21610U 91050F   26223.73058933  .00000129  00000+0  50861-4 0  9993
2 21610  98.1841 269.9739 0002453 349.4050  10.7089 14.42985595841355
INTERCOSMOS 25
1 21819U 91086A   26223.49778683  .00000291  00000+0  50480-4 0  9994
2 21819  82.6007 216.3414 1485581 143.0458 228.2932 12.12277367515449
SL-8 R/B
1 21876U 92008B   26223.89995361  .00000059  00000+0  44712-4 0  9993
2 21876  82.9299 152.3711 0036085  62.0347   2.5666 13.75988162730767
SL-8 R/B
1 21938U 92020B   26223.85544512  .00000144  00000+0  13402-3 0  9996
2 21938  82.9285  38.4944 0028103 222.6668 250.0840 13.75553746722463
USA 81
1 21949U 92023A   26223.88016573  .00000096  00000+0  28102-4 0  9995
2 21949  85.0048  41.8481 0001156  97.5454 262.5870 14.32410662117003
COSMOS 2219
1 22219U 92076A   26223.86083852  .00000180  00000+0  11903-3 0  9990
2 22219  71.0585  53.6850 0019137 318.4789  41.4879 14.14102814740316
SL-16 R/B
1 22220U 92076B   26223.75424781 -.00000153  00000+0 -52186-4 0  9991
2 22220  70.9979 221.7251 0014376 226.1536 306.2565 14.16879725743794
COSMOS 2221
1 22236U 92080A   26223.83314337  .00000785  00000+0  66357-4 0  9991
2 22236  82.5051 130.4531 0015287  36.2033 324.0221 14.96674648803993
SL-16 R/B
1 22285U 92093B   26223.85919554 -.00000058  00000+0 -51987-5 0  9992
2 22285  71.0218  38.5155 0002351  49.3597 310.7730 14.15471053735114
COSMOS 2228
1 22286U 92094A   26223.80897385  .00000771  00000+0  63245-4 0  9995
2 22286  82.5159  88.7570 0018732 135.6155 224.6573 14.97744723799275
SL-16 R/B
1 22566U 93016B   26223.49176403 -.00000216  00000+0 -86374-4 0  9991
2 22566  71.0035 250.0492 0007996  87.0086 273.1951 14.15314564724073
COSMOS 2242
1 22626U 93024A   26223.79401154  .00000795  00000+0  66499-4 0  9990
2 22626  82.5191 118.3418 0017084 138.5749 221.6772 14.97053895803592
SL-16 R/B
1 22803U 93059B   26223.82477402  .00000247  00000+0  14589-3 0  9992
2 22803  70.9897  43.9700 0018212 327.7512  32.2496 14.17253391701517
ARIANE 40 R/B
1 22830U 93061H   26223.78827851  .00000057  00000+0  36546-4 0  9994
2 22830  98.4782 289.4802 0010796 178.5703 181.5514 14.32927492716318
COSMOS 2278
1 23087U 94023A   26223.41061296 -.00000103  00000+0 -28993-4 0  9992
2 23087  71.0523 211.3816 0007761 167.4855 192.6462 14.14405315666689
SL-16 R/B
1 23088U 94023B   26223.88252384 -.00000284  00000+0 -12199-3 0  9994
2 23088  70.9992 104.9682 0001742  18.7832 341.3354 14.15029691668047
SL-16 R/B
1 23343U 94074B   26223.68267935  .00000177  00000+0  30254-4 0  9992
2 23343  97.6982 248.0874 0008094  79.2498  38.1486 14.79543709710165
SL-16 R/B
1 23405U 94077B   26223.87430919 -.00000286  00000+0 -12172-3 0  9990
2 23405  70.9830  26.0022 0004821 280.9185  79.1395 14.15578301638199
ARIANE 40+ R/B
1 23561U 95021B   26223.79659318  .00000103  00000+0  46710-4 0  9992
2 23561  98.4377 293.0588 0007472  45.7160  65.4300 14.39859576641562
SL-16 R/B
1 23705U 95058B   26223.39408764 -.00000126  00000+0 -40216-4 0  9997
2 23705  71.0187 215.4478 0014656 247.4795 112.4777 14.15511380589745
SL-16 R/B
1 24298U 96051B   26223.41190571  .00000083  00000+0  71429-4 0  9996
2 24298  70.7633 207.7806 0019129 263.9229  95.9711 14.12466999543496
ORBVIEW 2 (SEASTAR)
1 24883U 97037A   26223.70912850  .00000082  00000+0  44646-4 0  9995
2 24883  98.8745  32.2846 0001755 354.8758   5.2409 14.35577946530718
SL-16 R/B
1 25400U 98043G   26223.86123137 -.00000002  00000+0  18363-4 0  9998
2 25400  98.8404 178.5107 0008768 287.1122  72.9097 14.26076466461105
SL-16 R/B
1 25407U 98045B   26223.39974683 -.00000197  00000+0 -75173-4 0  9993
2 25407  71.0087 216.2143 0006577 166.5520 193.5780 14.16207509449007
CZ-4B R/B
1 25732U 99025C   26223.73884272  .00000019  00000+0  29820-4 0  9994
2 25732  98.6454 264.1704 0035957 258.4000 211.1183 14.18291213410148
OKEAN-O
1 25860U 99039A   26223.76809051  .00000235  00000+0  37450-4 0  9994
2 25860  97.9274 281.9166 0001451 113.8779 246.2585 14.80523154457338
SL-16 R/B
1 25861U 99039B   26223.73839573  .00000217  00000+0  34232-4 0  9999
2 25861  97.9796 282.4312 0016117 112.3358 247.9565 14.81894040459827
DELTA 2 R/B
1 25876U 99041E   26223.80756684  .00000885  00000+0  18174-3 0  9994
2 25876  51.7617  41.5449 0501391  86.2739 279.5358 14.12178324384948
HELIOS 1B
1 25977U 99064A   26223.72045860  .00000549  00000+0  66005-4 0  9993
2 25977  98.1549 130.4549 0000459  63.4835 296.6428 14.88133680708319
TERRA
1 25994U 99068A   26223.83498457  .00000172  00000+0  43936-4 0  9992
2 25994  97.9419 271.1641 0003510  69.2065  18.6576 14.61141306417731
SL-16 R/B
1 26070U 00006B   26223.87906389 -.00000229  00000+0 -91702-4 0  9993
2 26070  71.0024 131.5258 0018458 301.2913  58.6402 14.15841970370523
TITAN 4B R/B
1 26474U 00047B   26223.75481138  .00001491  00000+0  96766-4 0  9998
2 26474  67.9888 324.1282 0044772 231.0981 128.6173 15.10467244416329
ENVISAT
1 27386U 02009A   26223.86248795  .00000014  00000+0  18441-4 0  9997
2 27386  98.3868 173.9490 0001186  83.9254 283.8716 14.39076005281494
IDEFIX & ARIANE 42P R/B
1 27422U 02021B   26223.85312831  .00000077  00000+0  45592-4 0  9990
2 27422  98.5947 160.7356 0013028  90.2637 270.0039 14.31104080266210
AQUA
1 27424U 02022A   26223.88874235  .00000322  00000+0  73852-4 0  9990
2 27424  98.4330 194.2991 0001734  93.7822 294.8284 14.62162458291412
CZ-4B R/B
1 27432U 02024C   26223.77518138  .00000008  00000+0  27103-4 0  9995
2 27432  98.8661 276.2236 0049179 303.0801 168.4122 14.14571344251164
MIDORI II (ADEOS-II)
1 27597U 02056A   26223.85880596  .00000096  00000+0  55583-4 0  9991
2 27597  98.7924 183.6047 0000183  63.2133 296.9067 14.29374840232468
H-2A R/B
1 27601U 02056E   26223.83691103  .00000109  00000+0  52560-4 0  9996
2 27601  98.3355 178.4938 0071316  59.9119 353.0397 14.33846540236349
CZ-4B R/B
1 28059U 03049C   26223.86077029  .00000156  00000+0  47308-4 0  9991
2 28059  98.6933 224.9324 0049163 117.5282 243.0922 14.55130972209166
CZ-2C R/B
1 28222U 04012C   26223.75609199  .00159279  12006-4  42627-3 0  9994
2 28222  97.6992 306.4676 0004777 114.4619 245.7154 15.94491909228701
SL-16 R/B
1 28353U 04021B   26223.81152788  .00000181  00000+0  11900-3 0  9996
2 28353  70.9984 266.9537 0005023 187.4457 172.6591 14.14611673144772
CZ-4B R/B
1 28415U 04035C   26223.81898669  .00004236  00000+0  14042-3 0  9990
2 28415  97.3345 256.2848 0031850 134.6531 225.7315 15.31330264203635
CZ-2C R/B
1 28480U 04046B   26223.72369272  .00000069  00000+0  40306-4 0  9990
2 28480  98.1878 129.0155 0140472  56.6121 304.8411 14.27041334130618
ARIANE 5 R/B
1 28499U 04049H   26223.49929061  .00000343  00000+0  44560-4 0  9996
2 28499  98.2765  37.9084 0083157 208.5764 151.0879 14.85510460168772
CZ-2D R/B
1 28738U 05024B   26223.63597389  .00042534  00000+0  27248-3 0  9997
2 28738  97.3452 246.0955 0005809 137.4464 222.7253 15.76172030164053
ALOS (DAICHI)
1 28931U 06002A   26223.83435705  .00000493  00000+0  90175-4 0  9992
2 28931  98.1363 179.2433 0001775 108.2928 251.8471 14.70152292 96279
H-2A R/B
1 28932U 06002B   26223.87031345  .00003718  00000+0  17659-3 0  9997
2 28932  98.2620  24.7886 0051011  73.3469 287.3354 15.18816697117977
RESURS-DK 1
1 29228U 06021A   26223.88890771  .00000765  00000+0  48852-4 0  9993
2 29228  69.9312 195.3407 0006889 246.2158 113.8286 15.13406579111006
CZ-4B R/B
1 29507U 06046C   26223.69070337  .00002246  00000+0  11173-3 0  9998
2 29507  97.5420 268.1277 0034090  89.9116 270.6024 15.18178216 83557
CZ-2C R/B
1 31114U 07010B   26223.85515987  .00000028  00000+0  31774-4 0  9996
2 31114  98.4129 329.4928 0058580 202.0245 157.8414 14.20287620  1736
COSMO-SKYMED 1
1 31598U 07023A   26223.80586437  .00001323  00000+0  11920-3 0  9998
2 31598  97.8842  56.1383 0001462  99.8731 260.2655 14.97323710 38118
COSMOS 2428
1 31792U 07029A   26223.78892660  .00000384  00000+0  23184-3 0  9996
2 31792  70.9381 237.7388 0008043  27.0357 333.1182 14.12957816986007
SL-16 R/B
1 31793U 07029B   26223.70119698 -.00000283  00000+0 -12168-3 0  9992
2 31793  70.9738 206.5295 0002112 267.7953 264.5425 14.14858217987297
KORONAS-FOTON
1 33504U 09003A   26223.86045162  .00006625  00000+0  13080-3 0  9997
2 33504  82.4299 114.1363 0008701 325.1200  34.9478 15.46895998969709
CZ-2C R/B
1 37731U 11030B   26223.89727652  .00000350  00000+0  50443-4 0  9994
2 37731  97.8695 178.2951 0051467 203.6592 225.5597 14.81573197813070
H-2A R/B
1 38341U 12025E   26223.87886084  .00000991  00000+0  93104-4 0  9992
2 38341  98.4877 203.6399 0044181 163.0994 197.1708 14.95923813771414
SHIJIAN-16 (SJ-16)
1 39358U 13057A   26223.86972937  .00000164  00000+0  18727-4 0  9999
2 39358  74.9708 251.2127 0014787  95.2730 265.0146 14.92722236694650
SL-4 R/B
1 39679U 14021B   26223.65166166  .00004874  00000+0  10353-3 0  9991
2 39679  51.6066 298.8439 0088829 310.0751  49.2470 15.42986691680174
ALOS-2
1 39766U 14029A   26223.86864483  .00000361  00000+0  55204-4 0  9998
2 39766  97.9228 320.2362 0001538  90.5910 269.5477 14.79471817659817
YAOGAN-29
1 41038U 15069A   26223.83820338  .00000192  00000+0  30172-4 0  9995
2 41038  98.0019 252.5537 0001548 144.4360 215.6956 14.83123834578870
ASTRO-H (HITOMI)
1 41337U 16012A   26223.73571742  .00001272  00000+0  69164-4 0  9990
2 41337  30.9989  75.3710 0009419  91.6942 268.4776 15.10734329575692
HXMT (HUIYAN)
1 42758U 17034A   26223.51242624  .00001695  00000+0  90450-4 0  9994
2 42758  43.0147 234.8759 0030486 137.8564 222.4636 15.18898081506072
SAOCOM 1A
1 43641U 18076A   26223.83221921  .00000439  00000+0  61718-4 0  9995
2 43641  97.8894  49.7765 0001556  85.1304 275.0086 14.82165800424341
H-2A R/B
1 43682U 18084L   26223.71932955  .00009664  00000+0  19133-3 0  9994
2 43682  98.8486 114.8185 0021223 197.9138 162.1361 15.47136801429702
SAOCOM 1B
1 46265U 20059A   26223.79597476 -.00000107  00000+0 -68197-5 0  9993
2 46265  97.8899  48.8384 0001431  83.3544 276.7832 14.82158465321720
COSMOS 2550
1 48865U 21056A   26223.77655844  .00004989  00000+0  15738-3 0  9992
2 48865  67.1425 291.7492 0008401 270.2395  89.7797 15.33829093287246
CZ-2C R/B
1 52794U 22058K   26223.51232272  .00021422  00000+0  20667-3 0  9997
2 52794  50.1822 234.7795 0029024 137.3807 222.9427 15.65863135234303
CZ-2C R/B
1 54039U 22132E   26223.55387896  .00039338  00000+0  22500-3 0  9994
2 54039  97.2882 233.3412 0010562 206.1462 153.9273 15.78694599214664
GSLV R/B
1 54149U 22138AN  26223.71900079  .00001138  00000+0  94929-4 0  9996
2 54149  87.3793 114.3323 0019325 312.8652  47.0956 14.97488240207126
XRISM
1 57800U 23137A   26223.75057352  .00002569  00000+0  13698-3 0  9996
2 57800  31.0036 359.5657 0007503 164.4164 195.6707 15.12877994161282
ACS3
1 59588U 24077B   26223.70653925  .00020826  00000+0  14050-1 0  9995
2 59588  97.1905 130.2693 0128062   3.5638 356.6412 13.96496185115787
SPACEMOBILE-003
1 61045U 24163A   26223.81685632  .00000413  00000+0  33199-4 0  9992
2 61045  52.9761  53.6353 0003020 301.9823  58.0877 15.20674138106238
SPACEMOBILE-005
1 61046U 24163B   26223.80089488  .00004414  00000+0  21278-3 0  9998
2 61046  52.9754  53.6770 0007273 291.3384  68.6833 15.20693645106224
SPACEMOBILE-001
1 61047U 24163C   26223.79890402  .00001275  00000+0  72251-4 0  9993
2 61047  52.9713  53.3778 0005365 294.2010  65.8423 15.20534987106220
SPACEMOBILE-002
1 61048U 24163D   26223.71969578  .00008139  00000+0  38178-3 0  9992
2 61048  52.9694  53.8302 0004461 278.9139  81.1349 15.20519804106212
SPACEMOBILE-004
1 61049U 24163E   26223.76596881  .00006848  00000+0  32341-3 0  9992
2 61049  52.9752  53.3692 0005784 319.0620  40.9940 15.20538334106226
CZ-8A R/B
1 66004U 25231K   26223.25318066 -.00000055  00000+0  39613-4 0  9991
2 66004  50.0029 165.0350 0116589  57.9196 303.2978 14.30169747 42821
SPACEMOBILE-006
1 67232U 25309A   26222.99465582  .00000391  00000+0  33915-4 0  9998
2 67232  52.9946  80.5510 0009558 307.2296  52.7825 15.18752475 34924
SPACEMOBILE-008
1 69589U 26139A   26223.83355059  .00000760  00000+0  59639-4 0  9999
2 69589  52.9964   9.9174 0005096 122.3196 237.8289 15.12883750  8409
SPACEMOBILE-009
1 69590U 26139B   26223.70525934  .00000396  00000+0  39297-4 0  9991
2 69590  52.9956  10.5333 0005424 119.6665 240.4866 15.12778471  8383
SPACEMOBILE-010
1 69591U 26139C   26223.71131382  .00000596  00000+0  50743-4 0  9994
2 69591  52.9960  10.5743 0005614 111.6602 248.4988 15.12621115  8394
POLAR
1 23802U 96013A   26221.95386005  .00000252  00000+0  00000+0 0  9990
2 23802  79.9309 226.4094 6524853 207.2312  93.5091  1.29845952145553
SWAS
1 25560U 98071A   26223.80196716  .00001606  00000+0  10531-3 0  9991
2 25560  69.8933  84.0683 0006107 196.8024 163.2939 15.09914178505661
CXO
1 25867U 99040B   26224.91393943  .00000777  00000+0  00000+0 0  9996
2 25867  56.9891 115.1061 7747829 309.8023   0.5824  0.37805620 17538
XMM-NEWTON
1 25989U 99066A   26225.19573794  .00000049  00000+0  00000+0 0  9996
2 25989  64.1821 282.2500 4657866  63.9120   0.0537  0.50126710 23292
CLUSTER II-FM7 (SAMBA)
1 26410U 00041A   26223.89896230  .00392135 -24788-2  00000+0 0  9992
2 26410 149.5977  61.2138 9116445 279.0243 359.5652  0.44878880 20559
CLUSTER II-FM8 (TANGO)
1 26464U 00045B   26222.45641446  .00341327 -20991-2  00000+0 0  9992
2 26464 149.7757  62.1946 9118632 279.8253   1.8653  0.44442240 20557
TIMED
1 26998U 01055B   26223.87185250  .00000575  00000+0  55631-4 0  9996
2 26998  74.0676 122.8919 0002475 270.9106  89.1795 14.95399944339147
CORIOLIS
1 27640U 03001A   26223.86427558  .00000057  00000+0  47074-4 0  9990
2 27640  98.7153 229.9041 0015006  55.4878 304.7713 14.19958461222122
SORCE
1 27651U 03004A   26223.72307520  .00001193  00000+0  95641-4 0  9991
2 27651  39.9916 304.7587 0016244  90.3419 269.9237 15.03967736280260
MOST
1 27843U 03031D   26223.61335434  .00000028  00000+0  32686-4 0  9993
2 27843  98.7069 230.5702 0011034  92.3724 267.8717 14.21332377198582
SCISAT 1
1 27858U 03036A   26223.86892603  .00000296  00000+0  42404-4 0  9993
2 27858  73.9286  60.7044 0006211 116.3408 243.8407 14.81505954239690
SWIFT
1 28485U 04047A   26223.86734830  .00044350  00000+0  28714-3 0  9996
2 28485  20.5515 113.5697 0002679   1.0251 359.0201 15.74139605195637
HINODE (SOLAR-B)
1 29479U 06041A   26223.71163037  .00000281  00000+0  56589-4 0  9992
2 29479  98.0555 239.0480 0018847 110.3283 249.9949 14.68688258 63020
SHIJIAN-6 02A (SJ-6 02A)
1 29505U 06046A   26223.82011848  .00001145  00000+0  60614-4 0  9995
2 29505  97.6334 265.3153 0001855 344.3765  15.7411 15.17504865 80707
SHIJIAN-6 02B (SJ-6 02B)
1 29506U 06046B   26223.86121860 -.00000181  00000+0 -92313-5 0  9999
2 29506  97.7108 252.5671 0013226 231.3952 128.6089 15.01468991 79096
FGRST (GLAST)
1 33053U 08029A   26223.55306278  .00001617  00000+0  51096-4 0  9993
2 33053  25.5808 179.9727 0007797 259.4691 100.4969 15.24189427  4143
SDO
1 36395U 10005A   26223.62533649 -.00000097  00000+0  00000+0 0  9990
2 36395  34.7633  85.4979 0001890  58.3436 299.4825  1.00275905 60614
CRYOSAT 2
1 36508U 10013A   26223.83791929  .00000081  00000+0  19266-4 0  9996
2 36508  92.0334 290.8274 0002730  92.2692 267.8828 14.51898552866154
X-SAT
1 37389U 11015C   26223.89815154  .00000223  00000+0  11222-3 0  9991
2 37389  98.3556 198.2814 0013898 174.4586 185.6751 14.25221116795611
GCOM-W1 (SHIZUKU)
1 38337U 12025A   26223.86238222  .00000172  00000+0  48200-4 0  9999
2 38337  98.2032 163.5771 0001268  87.6761 340.1131 14.57110573757143
NUSTAR
1 38358U 12031A   26223.91667823  .00013638  00000+0  77653-3 0  9992
2 38358   6.0284 335.9616 0008849 224.2949 326.0659 15.09264475  1301
NEOSSAT
1 39089U 13009D   26223.74934376  .00000048  00000+0  31445-4 0  9992
2 39089  98.4209  42.4709 0012233  81.9973 278.2601 14.35843383704714
BRITE-AUSTRIA
1 39091U 13009F   26223.72027615  .00000071  00000+0  38823-4 0  9995
2 39091  98.4028  41.7920 0011401  76.3300 283.9156 14.36561500705023
IRIS
1 39197U 13033A   26223.51746685  .00000479  00000+0  60878-4 0  9998
2 39197  97.9308  62.6199 0025347 135.4538 224.8721 14.85983740708594
HISAKI (SPRINT-A)
1 39253U 13049A   26223.51278623  .00000093  00000+0  40093-4 0  9999
2 39253  29.7200 298.7329 0136676 105.2877 256.2847 13.55548177638932
CASSIOPE
1 39265U 13055A   26223.85310097  .00025588 -43277-6  27046-3 0  9997
2 39265  80.9157 358.8997 0278642 233.9650 123.5478 15.28571834676163
STSAT-3
1 39422U 13066G   26223.90667045  .00001033  00000+0  81134-4 0  9995
2 39422  97.6262 192.9129 0008783 190.7165 169.3875 15.03033937692574
SWARM B
1 39451U 13067A   26223.84025872  .00001828  00000+0  63909-4 0  9999
2 39451  87.7476 325.4181 0002602 103.5090 256.6450 15.28871945691740
SWARM A
1 39452U 13067B   26223.84170259  .00005430  00000+0  95570-4 0  9992
2 39452  87.3299  35.5511 0002764  84.5665 275.5911 15.50180682714879
SWARM C
1 39453U 13067C   26223.84161843  .00005536  00000+0  97454-4 0  9992
2 39453  87.3302  34.1325 0002729  84.6806 275.4766 15.50180545714833
BRITE-CA1 (TORONTO)
1 40020U 14033L   26223.81883876  .00000417  00000+0  69971-4 0  9998
2 40020  97.9804 351.7429 0079880  98.7563 262.2702 14.72773021650406
OCO 2
1 40059U 14035A   26223.84571110  .00000146  00000+0  42513-4 0  9992
2 40059  98.2030 164.2966 0001311  83.2581 276.8767 14.57150167644159
BRITE-PL2 (HEWELIUSZ)
1 40119U 14049B   26223.87056543  .00001052  00000+0  10215-3 0  9995
2 40119  97.9138 336.3184 0012439 286.2284  73.7567 14.94764867649766
MMS 1
1 40482U 15011A   26223.91667823 -.00002125  00000+0  00000+0 0  9992
2 40482  72.7281 348.1041 8280947 168.6753 223.2187  0.28331760  1389
MMS 2
1 40483U 15011B   26223.91667823 -.00002127  00000+0  00000+0 0  9995
2 40483  72.7323 348.1030 8283775 168.6775 223.2018  0.28331721  1381
MMS 3
1 40484U 15011C   26223.91667823 -.00002126  00000+0  00000+0 0  9995
2 40484  72.7319 348.1150 8282146 168.6856 223.1756  0.28331721  1389
MMS 4
1 40485U 15011D   26223.91667823 -.00002126  00000+0  00000+0 0  9996
2 40485  72.7268 348.0986 8282140 168.6955 223.1733  0.28331728  1385
ASTROSAT
1 40930U 15052A   26223.25409669  .00001121  00000+0  54773-4 0  9999
2 40930   5.9967 118.9321 0007394 102.9400 257.1553 14.82592680588013
DAMPE
1 41173U 15078A   26223.85951637  .00000858  00000+0  31301-4 0  9998
2 41173  97.4580 229.6106 0010313 234.6952 125.3325 15.30911646593066
PISAT
1 41784U 16059B   26223.79262499  .00000442  00000+0  82871-4 0  9997
2 41784  97.8215 221.8668 0029771  30.5981 329.6954 14.69074455527909
FLYING LAPTOP
1 42831U 17042G   26223.83852752  .00002049  00000+0  16267-3 0  9996
2 42831  97.4911  17.3265 0017501 301.7185  58.2334 15.01451100494802
ZHANGHENG 1-01 (CSES-1)
1 43194U 18015C   26223.86796147  .00003416  00000+0  15717-3 0  9996
2 43194  97.6916  30.6467 0017161  75.4122 284.9015 15.20920485473104
SALSAT
1 46495U 20068K   26223.46892112  .00003851  00000+0  13325-3 0  9995
2 46495  97.8872 229.9357 0011409 106.3715 253.8780 15.30506400323810
IXPE
1 49954U 21121A   26223.83335647  .00006564  00000+0  33041-3 0  9996
2 49954   0.2300 256.8013 0007214 203.7679  61.6899 15.10705973  5069
SMILE
1 69123U 26109A   26220.21296035  .00000889  00000+0  00000+0 0  9992
2 69123  70.0321 206.4850 8258748 286.4626   0.2167  0.47508507   177
TDRS 3
1 19548U 88091B   26223.70705994 -.00000310  00000+0  00000+0 0  9992
2 19548  12.5602 340.6284 0037431 353.4610 191.7909  1.00270347125943
FLTSATCOM 8 (USA 46)
1 20253U 89077A   26223.73294147 -.00000379  00000+0  00000+0 0  9993
2 20253  12.4064 350.8204 0001883 130.3080 228.7170  1.00269239261118
SKYNET 4C
1 20776U 90079A   26223.81155924 -.00000126  00000+0  00000+0 0  9995
2 20776  13.3204 349.4594 0002803 151.8530 133.6774  0.98578043   589
TDRS 5
1 21639U 91054B   26223.62748403  .00000072  00000+0  00000+0 0  9996
2 21639  14.0645 353.3613 0007629 250.6142 134.4842  1.00266213128278
TDRS 6
1 22314U 93003B   26223.70775330 -.00000308  00000+0  00000+0 0  9994
2 22314  14.1843 356.6382 0009671 190.5033 342.0021  1.00269694122961
UFO 2 (USA 95)
1 22787U 93056A   26223.57983631  .00000111  00000+0  00000+0 0  9997
2 22787  11.9147   3.2382 0000684 291.0577 263.1209  1.00273691119102
UFO 4 (USA 108)
1 23467U 95003A   26223.64120685 -.00000037  00000+0  00000+0 0  9995
2 23467   9.6704  12.9022 0002873 121.0130 229.2322  1.00272073115500
TDRS 7
1 23613U 95035B   26223.79117343 -.00000249  00000+0  00000+0 0  9991
2 23613  13.3137 347.7991 0013170  91.2099 255.1179  1.00266680113809
USA 115 (MILSTAR-1 2)
1 23712U 95060A   26223.46417654 -.00000215  00000+0  00000+0 0  9994
2 23712  14.0925   3.3274 0006211 137.8631 255.8753  1.00270960 33440
INMARSAT 3-F1
1 23839U 96020A   26223.68634653  .00000097  00000+0  00000+0 0  9992
2 23839  10.7135  46.1076 0005520 119.5211 248.4154  0.99990645110810
INMARSAT 3-F2
1 24307U 96053A   26223.71755383 -.00000217  00000+0  00000+0 0  9992
2 24307   9.9784  53.3561 0006022  82.1546 176.2251  0.99978195109476
INMARSAT 3-F3
1 24674U 96070A   26223.78532749 -.00000175  00000+0  00000+0 0  9997
2 24674  10.4355  49.1027 0004432 116.9071  63.7617  1.00000291108466
USA 134
1 25019U 97065A   26223.53130182 -.00000080  00000+0  00000+0 0  9999
2 25019  12.8493  21.2958 0001908 305.3344  72.5342  1.00274022 33516
INMARSAT 3-F5
1 25153U 98006B   26223.42091986 -.00000308  00000+0  00000+0 0  9993
2 25153   9.8128  52.6932 0004484  92.1681 272.5881  1.00270680104451
ABS-6
1 25924U 99053A   26223.85510990 -.00000137  00000+0  00000+0 0  9990
2 25924   0.0669 262.8492 0003320 217.1022 307.2086  1.00269033 98390
UFO 10 (USA 146)
1 25967U 99063A   26223.78342080 -.00000203  00000+0  00000+0 0  9997
2 25967   9.8705  26.9048 0002496 162.3305  30.2177  1.00274160 97906
ASIASTAR
1 26107U 00016A   26223.61572426 -.00000351  00000+0  00000+0 0  9999
2 26107   9.2550  57.5458 0003882  86.2453 142.9468  1.00269716 96474
USA 149 (DSP 20)
1 26356U 00024A   26223.61268309  .00000080  00000+0  00000+0 0  9994
2 26356  13.2122  11.4470 0000918 240.9342 122.8799  1.00270047 33470
TDRS 8
1 26388U 00034A   26223.84399928 -.00000211  00000+0  00000+0 0  9994
2 26388  12.7693  30.8375 0003218  62.0983 255.8270  1.00277432 95734
NSS-11
1 26554U 00059A   26223.75152734  .00000007  00000+0  00000+0 0  9990
2 26554   2.2652  80.6965 0002807  65.6925 260.3669  1.00272411 41842
USA 153
1 26575U 00065A   26223.84172786 -.00000343  00000+0  00000+0 0  9993
2 26575  11.7185  34.9445 0001582  79.8389 282.8081  1.00266234 33491
AMC-6
1 26580U 00067A   26223.68998654  .00000072  00000+0  00000+0 0  9991
2 26580   0.2894  83.9975 0004023  56.4734 293.0147  1.00270798 94446
USA 157 (MILSTAR-2 2)
1 26715U 01009A   26223.61554313  .00000094  00000+0  00000+0 0  9995
2 26715  11.6033  19.4067 0041701 179.5760 192.6294  1.00274892 33509
INTELSAT 902 (IS-902)
1 26900U 01039A   26223.49293653 -.00000301  00000+0  00000+0 0  9999
2 26900   6.2519  71.0900 0004195  67.6219 308.5926  1.00273189 91250
USA 164 (MILSTAR-2 3)
1 27168U 02001A   26223.81711394  .00000083  00000+0  00000+0 0  9995
2 27168  11.2460  21.5555 0098137   9.4731 242.4696  1.00277716 33511
INTELSAT 904 (IS-904)
1 27380U 02007A   26223.42533990 -.00000243  00000+0  00000+0 0  9997
2 27380   7.0536  68.5032 0004011  51.8179 321.2139  1.00270293 52321
DIRECTV 5 (TEMPO 1)
1 27426U 02023A   26223.62368983 -.00000075  00000+0  00000+0 0  9999
2 27426   5.0148  74.5998 0003343  86.8980 273.0128  1.00271814 88671
INTELSAT 905 (IS-905)
1 27438U 02027A   26223.76080072  .00000076  00000+0  00000+0 0  9991
2 27438   6.8885  69.1115 0002987  83.9561 303.8345  1.00272061 51924
GALAXY 3C (G-3C)
1 27445U 02030A   26223.62375443 -.00000170  00000+0  00000+0 0  9993
2 27445   3.8749  77.2624 0001446  41.6507 330.8570  1.00271010 47055
INTELSAT 906 (IS-906)
1 27513U 02041A   26223.72936169 -.00000006  00000+0  00000+0 0  9998
2 27513   5.9386  72.2199 0002939  58.7419 155.9594  1.00273270 87586
NIMIQ 2
1 27632U 02062A   26223.62377648 -.00000086  00000+0  00000+0 0  9991
2 27632   9.5703  56.2954 0005263  84.3723 294.7876  1.00271308 44744
USA 167
1 27691U 03008A   26223.55002284 -.00000010  00000+0  00000+0 0  9997
2 27691  11.0682  42.8971 0003086 302.2484  50.8138  1.00267792  7327
USA 169 (MILSTAR-2 4)
1 27711U 03012A   26223.74667397 -.00000212  00000+0  00000+0 0  9992
2 27711  12.4321  29.3766 0097859  10.9255 340.8633  1.00273340 33504
ASIASAT 4
1 27718U 03014A   26223.75684733 -.00000240  00000+0  00000+0 0  9996
2 27718   4.8410  75.0300 0002752  64.9519 240.2536  1.00272222 45851
HELLAS-SAT 2
1 27811U 03020A   26223.77267236 -.00000102  00000+0  00000+0 0  9991
2 27811   7.4883  67.2019 0005474 113.5091  47.6621  1.00271741 43406
THURAYA-2
1 27825U 03026A   26223.08864429  .00000110  00000+0  00000+0 0  9991
2 27825   8.9250  31.7066 0002068  34.1669 329.6095  1.00273751 84909
OPTUS C1
1 27831U 03028B   26223.85550889 -.00000169  00000+0  00000+0 0  9992
2 27831   7.0244  68.7170 0005378  73.0862 282.2462  1.00271273 53612
USA 170
1 27875U 03040A   26223.75405600  .00000109  00000+0  00000+0 0  9996
2 27875  10.6150  47.4060 0001196  89.3930 118.9938  1.00271587 33550
GALAXY 13 (HORIZONS-1)
1 27954U 03044A   26223.75828736  .00000115  00000+0  00000+0 0  9994
2 27954   1.5577  83.1138 0002138  55.0810 304.9842  1.00271676 47125
YAMAL 202
1 28089U 03053A   26223.61584668 -.00000098  00000+0  00000+0 0  9993
2 28089   6.4774  70.2517 0003568  77.3850 197.7094  1.00272549 83256
UFO 11 (USA 174)
1 28117U 03057A   26223.84284181 -.00000120  00000+0  00000+0 0  9997
2 28117   8.9691  33.5175 0003329 124.0600 181.6445  1.00271787 83001
USA 176 (DSP 22)
1 28158U 04004A   26223.77830744 -.00000311  00000+0  00000+0 0  9991
2 28158  12.1365  25.6484 0002333 301.3274 224.3526  1.00275666 33490
ABS-4 (MOBISAT-1)
1 28184U 04007A   26223.72884169  .00000021  00000+0  00000+0 0  9995
2 28184   6.1769  71.3128 0004983  73.6653 138.5539  1.00273152 52899
INTELSAT 10-02
1 28358U 04022A   26223.78775416 -.00000028  00000+0  00000+0 0  9993
2 28358   0.0605 267.3462 0000421 333.4403   2.0408  1.00271769 81114
ANIK F2
1 28378U 04027A   26223.62342983 -.00000068  00000+0  00000+0 0  9996
2 28378   3.4264  78.6976 0003245  58.9824 295.7248  1.00271679 41816
AMC-15
1 28446U 04041A   26223.62464316 -.00000105  00000+0  00000+0 0  9995
2 28446   0.0632 278.8996 0002120 214.3499 306.6481  1.00270762 79855
NSS-10
1 28526U 05003A   26223.49536321 -.00000270  00000+0  00000+0 0  9997
2 28526   6.5843  69.7649 0002842  71.5374 319.5347  1.00270351 53712
INMARSAT 4-F1
1 28628U 05009A   26223.75196066  .00000016  00000+0  00000+0 0  9990
2 28628   5.2436  42.7981 0002486 104.6884 261.5390  1.00270658 78235
DIRECTV 8
1 28659U 05019A   26223.62186980 -.00000015  00000+0  00000+0 0  9995
2 28659   0.0098 112.7571 0003147  46.7960 265.3403  1.00271530 77624
GALAXY 28 (G-28)
1 28702U 05022A   26223.78264080 -.00000218  00000+0  00000+0 0  9998
2 28702   3.4369  78.2263 0002612  56.9955  79.6743  1.00272443 52538
THAICOM 4
1 28786U 05028A   26223.81159984 -.00000379  00000+0  00000+0 0  9994
2 28786   0.3839  85.2155 0001157  32.2510 254.4605  1.00271494 52808
ANIK F1R
1 28868U 05036A   26223.69544656 -.00000093  00000+0  00000+0 0  9997
2 28868   4.4501  75.8697 0003453  35.8118 351.5225  1.00271565 47013
SYRACUSE 3A
1 28885U 05041B   26223.76155980  .00000111  00000+0  00000+0 0  9998
2 28885   4.7782  75.1356 0002473  65.1096 140.7815  1.00274291 76309
INMARSAT 4-F2
1 28899U 05044A   26223.81636653 -.00000277  00000+0  00000+0 0  9997
2 28899   5.1668  43.7172 0002308  86.7103 267.2385  1.00270875 76079
METEOSAT-9 (MSG-2)
1 28912U 05049B   26223.74086455  .00000107  00000+0  00000+0 0  9990
2 28912   9.4837  53.6040 0002619   6.4733 212.4999  1.00271835  7554
EUTELSAT 174A
1 28924U 05052A   26223.75118066 -.00000010  00000+0  00000+0 0  9996
2 28924   4.3545  75.8201 0005908  65.6260 263.1363  1.00271502 52883
ECHOSTAR 10
1 28935U 06003A   26223.62360316 -.00000072  00000+0  00000+0 0  9996
2 28935   0.0652 280.7476 0001380 203.9345 309.6939  1.00270261 75015
SPAINSAT
1 28945U 06007A   26223.19595360 -.00000233  00000+0  00000+0 0  9991
2 28945   0.7005  85.6002 0004613  56.7242 217.6909  1.00270246 74763
JCSAT-5A
1 29045U 06010A   26223.81411317 -.00000345  00000+0  00000+0 0  9999
2 29045   1.2480  83.5210 0001425  25.0545 276.8179  1.00273267 74323
ASTRA 1KR
1 29055U 06012A   26223.73919002  .00000102  00000+0  00000+0 0  9997
2 29055   0.6124  83.0424 0003092  56.3910 105.8463  1.00271205 46257
GALAXY 16 (G-16)
1 29236U 06023A   26223.62585649 -.00000143  00000+0  00000+0 0  9990
2 29236   0.0231 191.2069 0002662 315.3575 299.8122  1.00271803 73525
EUTELSAT 33F
1 29270U 06032A   26223.83836421  .00000138  00000+0  00000+0 0  9991
2 29270   1.8005  81.5806 0003493  59.6936 153.8965  1.00271756 47862
JCSAT-3A
1 29272U 06033A   26223.81333317 -.00000360  00000+0  00000+0 0  9996
2 29272   0.0073 296.8115 0002599 213.4007 230.8620  1.00285402 48294
KOREASAT 5 (MUGUNGWHA 5)
1 29349U 06034A   26223.81038649 -.00000375  00000+0  00000+0 0  9998
2 29349   1.9238  82.2471 0001841 115.2574 167.5415  1.00269938 41872
DIRECTV 9S
1 29494U 06043A   26223.62542316 -.00000131  00000+0  00000+0 0  9999
2 29494   2.5589  80.2056 0004130  52.2040 311.6228  1.00271766 51943
OPTUS D1
1 29495U 06043B   26223.74667397 -.00000201  00000+0  00000+0 0  9998
2 29495   3.1730  78.9472 0003547  61.1534 240.8771  1.00271427 72676
BADR-4
1 29526U 06051A   26223.83966296  .00000138  00000+0  00000+0 0  9990
2 29526   2.1436  80.4713 0004796  57.6753 158.8964  1.00274619 51821
WILDBLUE-1
1 29643U 06054A   26223.75109399 -.00000200  00000+0  00000+0 0  9998
2 29643   2.9417  79.7606 0004432  69.7138 255.1249  0.99188697 54342
SKYNET 5A
1 30794U 07007B   26223.89068117 -.00000289  00000+0  00000+0 0  9990
2 30794   5.4369  73.0425 0003457  73.4642 229.6935  1.00270014 71254
ANIK F3
1 31102U 07009A   26223.69327990 -.00000018  00000+0  00000+0 0  9991
2 31102   1.3362  83.1459 0002627  71.1584 296.7344  1.00273012 47122
ASTRA 1L
1 31306U 07016A   26223.78316080 -.00000202  00000+0  00000+0 0  9998
2 31306   1.4604  81.0708 0005079  59.3623  77.2265  1.00270376 45546
GALAXY 17 (G-17)
1 31307U 07016B   26223.55730287 -.00000224  00000+0  00000+0 0  9997
2 31307   3.1063  79.1792 0002999  71.0548 285.3995  1.00271964 70354
INTELSAT 11 (IS-11)
1 32253U 07044B   26223.62204315  .00000051  00000+0  00000+0 0  9992
2 32253   3.7048  77.9693 0005901 113.2826 234.6852  0.99046485 68995
WGS F1 (USA 195)
1 32258U 07046A   26223.77960747 -.00000284  00000+0  00000+0 0  9992
2 32258   0.0152 103.9218 0000476  99.8328 354.6306  1.00271501 52898
SKYNET 5B
1 32294U 07056B   26223.79296644  .00000122  00000+0  00000+0 0  9993
2 32294   5.3880  72.8222 0003839  66.0532 131.9398  1.00273940 68750
ASTRA 4A
1 32299U 07057A   26223.78896750  .00000000  00000+0  00000+0 0  9997
2 32299   0.0198 275.6395 0002168 218.8135 114.6366  1.00270142 52200
HORIZONS-2
1 32388U 07063B   26223.77336743 -.00000271  00000+0  00000+0 0  9994
2 32388   2.7405  79.9168 0002495  37.9759  46.9478  1.00273235 68379
THURAYA-3
1 32404U 08001A   26223.58676965 -.00000007  00000+0  00000+0 0  9995
2 32404   6.0819  35.8220 0002031 120.3411  78.8172  1.00271189 68047
THOR 5
1 32487U 08006A   26223.78784081 -.00000026  00000+0  00000+0 0  9993
2 32487   0.0567 262.2415 0002441 252.7735  88.0891  1.00271157 67874
AMC-14
1 32708U 08011A   26223.89358714 -.00000300  00000+0  00000+0 0  9992
2 32708  24.0746  19.8456 0037045   8.5600 346.8638  1.00415442 68728
DIRECTV 11
1 32729U 08013A   26223.62585649 -.00000142  00000+0  00000+0 0  9991
2 32729   0.0017 297.8885 0000015 285.4110 222.8950  1.00271341 46149
ICO G1
1 32763U 08016A   26223.55574286 -.00000188  00000+0  00000+0 0  9999
2 32763   5.5382  35.9700 0002411  87.7815 303.4744  1.00270870 67108
VINASAT-1
1 32767U 08018A   26223.81411317 -.00000345  00000+0  00000+0 0  9994
2 32767   0.0646 274.8420 0001912 249.8905 220.5502  1.00270740 67145
STAR ONE C2
1 32768U 08018B   26223.77510078 -.00000294  00000+0  00000+0 0  9997
2 32768   1.3770  81.8786 0002660  69.9823  22.3983  1.00272590 67214
AMOS-3
1 32794U 08022A   26222.14142124 -.00000150  00000+0  00000+0 0  9995
2 32794   0.5890  85.3907 0007061  85.3104 277.1712  1.00354120 82885
GALAXY 18 (G-18)
1 32951U 08024A   26223.69232655  .00000009  00000+0  00000+0 0  9994
2 32951   0.0132  83.0983 0003089  75.8498 287.4297  1.00271949 46406
ZHONGXING-9
1 33051U 08028A   26223.73508172 -.00000265  00000+0  00000+0 0  9990
2 33051   0.9047  84.5582 0003741  74.1758 158.4611  1.00270123 66591
SKYNET 5C
1 33055U 08030A   26223.78446080 -.00000158  00000+0  00000+0 0  9992
2 33055   3.9265  76.3554 0004408  76.1937  72.3157  1.00271341 66514
TURKSAT 3A
1 33056U 08030B   26223.84510941  .00000129  00000+0  00000+0 0  9995
2 33056   0.0267  80.0714 0004782  45.7229 180.7226  1.00270258 52912
ECHOSTAR 11
1 33207U 08035A   26223.62368983 -.00000075  00000+0  00000+0 0  9992
2 33207   1.1436  83.4961 0002170  62.1892 289.1148  1.00271316 51764
SUPERBIRD-C2
1 33274U 08038A   26223.74364064 -.00000324  00000+0  00000+0 0  9995
2 33274   2.4994  80.5439 0006102  53.3763 229.9933  1.00270079106284
INMARSAT 4-F3
1 33278U 08039A   26223.55478953 -.00000156  00000+0  00000+0 0  9995
2 33278   4.3449  31.7023 0002334 130.5979 259.4432  1.00271304 47100
NIMIQ 4
1 33373U 08044A   26223.62923652 -.00000237  00000+0  00000+0 0  9996
2 33373   0.0129  73.7305 0001821  45.5999 345.2876  1.00272203 65543
GALAXY 19 (G-19)
1 33376U 08045A   26223.55496286 -.00000155  00000+0  00000+0 0  9999
2 33376   0.0645 263.3806 0002472 247.6023 271.8070  1.00270458 65458
ASTRA 1M
1 33436U 08057A   26223.74029382  .00000104  00000+0  00000+0 0  9992
2 33436   0.4345  82.8729 0003972  62.5310 100.7019  1.00268699 46291
EUTELSAT HOTBIRD 13C
1 33459U 08065A   26223.77804744 -.00000300  00000+0  00000+0 0  9991
2 33459   3.0884  78.5062 0003324  71.3435  40.1823  1.00271547 47907
EXPRESS-AM44
1 33595U 09007A   26223.78584749 -.00000107  00000+0  00000+0 0  9995
2 33595   3.6009  77.6869 0003548  61.7491  92.6907  1.00271253 52849
NSS-9
1 33749U 09008A   26223.75291402  .00000054  00000+0  00000+0 0  9995
2 33749   1.4004  82.0580 0002033  49.8888 282.3831  1.00269541 64075
TELSTAR 11N
1 34111U 09009A   26223.78056080 -.00000267  00000+0  00000+0 0  9991
2 34111   0.0570 270.7977 0002262 227.5029  65.3713  1.00273960 46803
WGS F2 (USA 204)
1 34713U 09017A   26223.20669882  .00000052  00000+0  00000+0 0  9996
2 34713   0.0131  88.1753 0000878 216.0096 147.3989  1.00272012 46178
SES-7 (PROTOSTAR 2)
1 34941U 09027A   26223.73820174 -.00000361  00000+0  00000+0 0  9995
2 34941   0.0512  77.5484 0001029 138.8724 117.7556  1.00268194 63182
MEASAT-3A
1 35362U 09032A   26223.74840733 -.00000128  00000+0  00000+0 0  9994
2 35362   0.0604 289.5223 0002030 203.5996 256.4885  1.00269813  8580
EWS-G3 (GOES 14)
1 35491U 09033A   26223.81034513 -.00000334  00000+0  00000+0 0  9996
2 35491   1.8286  82.3143 0002016  65.6245 211.1436  1.00082796  7140
FM-5
1 35493U 09034A   26223.62836985 -.00000216  00000+0  00000+0 0  9990
2 35493   0.0654 268.2652 0001110 121.4060  70.4636  1.00269864 47204
TERRESTAR-1
1 35496U 09035A   26223.62342983 -.00000073  00000+0  00000+0 0  9995
2 35496   5.2068  48.7273 0002496  79.5457 305.2382  1.00270811 62695
ASIASAT 5
1 35696U 09042A   26223.80787316 -.00000324  00000+0  00000+0 0  9997
2 35696   0.0219 235.6411 0001467 246.4793 229.4815  1.00269750 62265
JCSAT-12 (JCSAT-RA)
1 35755U 09044A   26223.81411317  .00000000  00000+0  00000+0 0  9991
2 35755   0.0087 251.6456 0001404 318.2756 175.4924  1.00268707 62160
OPTUS D3
1 35756U 09044B   26223.85549375 -.00000163  00000+0  00000+0 0  9993
2 35756   0.9049 268.2762 0003850 236.1849 279.9555  1.00270025 62122
NIMIQ 5
1 35873U 09050A   26223.77362743 -.00000273  00000+0  00000+0 0  9995
2 35873   0.0621 269.9243 0002601 226.9318  29.1737  1.00270418 61900
AMAZONAS 2
1 35942U 09054A   26223.77371411 -.00000276  00000+0  00000+0 0  9991
2 35942   1.9543  82.2993 0003232  59.1947  25.2684  1.00269688 61740
COMSATBW-1
1 35943U 09054B   26223.80041978  .00000008  00000+0  00000+0 0  9990
2 35943   0.0507 177.1521 0002659 331.4486 162.8020  1.00271400 61868
NSS-12
1 36032U 09058A   26223.75044979  .00000055  00000+0  00000+0 0  9994
2 36032   0.0777 271.4067 0003954 191.4978 184.4652  1.00273678 61476
THOR 6
1 36033U 09058B   26223.78784081 -.00000027  00000+0  00000+0 0  9993
2 36033   0.0318 229.0214 0001644 270.7524 103.2412  1.00270808 61568
INTELSAT 14 (IS-14)
1 36097U 09064A   26223.77908744 -.00000290  00000+0  00000+0 0  9995
2 36097   0.0526  84.9445 0002452  72.1524  38.5996  1.00269966 61161
EUTELSAT 36B
1 36101U 09065A   26223.79799310  .00000095  00000+0  00000+0 0  9993
2 36101   0.6266  81.3509 0005800  61.7456 154.9417  1.00274089 61268
INTELSAT 15 (IS-15)
1 36106U 09067A   26223.85108306  .00000000  00000+0  00000+0 0  9992
2 36106   0.0162 100.5648 0002125  44.1330 207.1562  1.00267314 41783
WGS F3 (USA 211)
1 36108U 09068A   26223.62048315  .00000004  00000+0  00000+0 0  9997
2 36108   0.3004  85.5642 0000333 164.1669 167.5849  1.00441373 47148
DIRECTV 12
1 36131U 09075A   26223.62516316 -.00000120  00000+0  00000+0 0  9992
2 36131   0.0064 109.2799 0000747 187.2504 145.8872  1.00270960 47100
BEIDOU-2 G1
1 36287U 10001A   26223.81575986 -.00000297  00000+0  00000+0 0  9999
2 36287   4.4201  60.1821 0001746 270.9972  63.2057  1.00274084 60725
INTELSAT 16 (IS-16)
1 36397U 10006A   26223.77276075 -.00000261  00000+0  00000+0 0  9999
2 36397   0.0166  71.4381 0002025  81.6423   9.1284  1.00270225 60212
EWS-G2 (GOES 15)
1 36411U 10008A   26223.80050646  .00000004  00000+0  00000+0 0  9990
2 36411   1.4267  82.1360 0005461  65.1176 164.4742  1.00272768 60196
ECHOSTAR 14
1 36499U 10010A   26223.62195647 -.00000016  00000+0  00000+0 0  9994
2 36499   0.0554 262.7342 0001638 244.8910 277.4529  1.00272656 47106
SES-1
1 36516U 10016A   26223.62542316  .00000000  00000+0  00000+0 0  9991
2 36516   0.0156 277.2630 0002315 227.6926 299.2905  1.00269133 59585
ASTRA 3B
1 36581U 10021A   26223.79261976  .00000119  00000+0  00000+0 0  9998
2 36581   1.6079  82.8358 0004250  38.3680 147.8782  1.00270256 59421
COMSATBW-2
1 36582U 10021B   26223.83529086  .00000071  00000+0  00000+0 0  9990
2 36582   0.0298 199.0248 0002217 319.9952 115.1761  1.00269712 59518
BEIDOU-2 G3
1 36590U 10024A   26223.84418348 -.00000152  00000+0  00000+0 0  9992
2 36590   4.6434  61.2276 0005900   2.0108 280.5891  1.00270970 59323
BADR-5
1 36592U 10025A   26223.79400644  .00000137  00000+0  00000+0 0  9991
2 36592   0.0427 121.1613 0006515  83.8672  71.5373  1.00270189 53772
COMS 1
1 36744U 10032A   26223.75872071  .00000027  00000+0  00000+0 0  9999
2 36744   4.9435  74.6685 0010876  17.7523 353.1854  0.99165883 51648
ARABSAT-5A
1 36745U 10032B   26223.79400644  .00000137  00000+0  00000+0 0  9999
2 36745   0.1772  74.0745 0005145  67.5400 134.9797  1.00274287 59205
ECHOSTAR 15
1 36792U 10034A   26223.62195647  .00000000  00000+0  00000+0 0  9998
2 36792   0.0160 264.6817 0001870 224.4921 296.0349  1.00268170 58876
BEIDOU-2 IGSO-1
1 36828U 10036A   26223.82707696 -.00000160  00000+0  00000+0 0  9993
2 36828  54.3066 162.4579 0058501 224.7824 336.4868  1.00256005 58656
NILESAT 201
1 36830U 10037A   26223.78933646 -.00000074  00000+0  00000+0 0  9992
2 36830   0.0481 251.4886 0005579 267.8329  78.1112  1.00272984 58930
RASCOM-QAF 1R
1 36831U 10037B   26223.78853417  .00000002  00000+0  00000+0 0  9990
2 36831   0.0334  97.7649 0005665  33.2585 115.9828  1.00272897 58860
AEHF-1 (USA 214)
1 36868U 10039A   26223.74822963  .00000130  00000+0  00000+0 0  9992
2 36868   8.3563  67.3117 0003659  68.1330 124.0839  1.00274489 54211
XM-5
1 37185U 10053A   26223.69397323 -.00000039  00000+0  00000+0 0  9991
2 37185   0.0666 271.7956 0001086 315.9581 227.0159  1.00268455 58042
BSAT-3B
1 37207U 10056B   26223.82193909 -.00000367  00000+0  00000+0 0  9992
2 37207   0.0957 257.1755 0003522 297.3104 171.5231  1.00270825 52655
BEIDOU-2 G4
1 37210U 10057A   26223.82948068 -.00000130  00000+0  00000+0 0  9999
2 37210   3.7803  68.5632 0006680 179.5228 170.8251  1.00271594 57847
SKYTERRA 1
1 37218U 10061A   26223.62533649 -.00000135  00000+0  00000+0 0  9990
2 37218   5.2398  50.7358 0001642  43.0075 350.1263  1.00271142 57752
HYLAS 1
1 37237U 10065A   26223.76807580 -.00000140  00000+0  00000+0 0  9994
2 37237   5.7796  72.3159 0002356 147.5528  86.5198  1.00651125  7446
INTELSAT 17 (IS-17)
1 37238U 10065B   26223.87152345 -.00000018  00000+0  00000+0 0  9993
2 37238   0.0175  80.0582 0002622  73.3603 186.6493  1.00272229 53803
BEIDOU-2 IGSO-2
1 37256U 10068A   26223.49187481 -.00000167  00000+0  00000+0 0  9998
2 37256  47.4476 271.1393 0057459 214.7821 118.8946  1.00263757 57345
EUTELSAT KA-SAT 9A
1 37258U 10069A   26223.78974750  .00000045  00000+0  00000+0 0  9990
2 37258   0.0693 348.1820 0005171 168.7600  96.6063  1.00271620 44561
HISPASAT 30W-5
1 37264U 10070A   26223.78203412 -.00000233  00000+0  00000+0 0  9999
2 37264   0.0203 125.3772 0005652  16.7079  69.6970  1.00270442 53740
KOREASAT 6
1 37265U 10070B   26223.74832066  .00000000  00000+0  00000+0 0  9990
2 37265   0.0236 105.2355 0001948  39.7741 244.4864  1.00269779 57320
BEIDOU-2 IGSO-3
1 37384U 11013A   26217.25471811 -.00000154  00000+0  00000+0 0  9997
2 37384  62.4767  39.6907 0036186 183.1734 287.7675  1.00255529 56152
INTELSAT 28 (IS-28)
1 37392U 11016A   26223.78168747 -.00000242  00000+0  00000+0 0  9993
2 37392   1.9450  81.9060 0003820  69.4907  58.5422  1.00271038 53845
YAHSAT 1A
1 37393U 11016B   26223.79833977  .00000084  00000+0  00000+0 0  9992
2 37393   0.0127  93.2559 0002743  29.0352 177.8557  1.00275307 42963
SBIRS GEO-1 (USA 230)
1 37481U 11019A   26223.75600214  .00000083  00000+0  00000+0 0  9994
2 37481   4.6561  53.0544 0001798  85.2338 145.8904  1.00272348 55954
GSAT-8
1 37605U 11022A   26223.79885977  .00000066  00000+0  00000+0 0  9992
2 37605   2.2699  81.1080 0003972 152.3643  69.4702  1.00274570 53770
ST-2
1 37606U 11022B   26223.79421752 -.00000228  00000+0  00000+0 0  9991
2 37606   0.0132  87.6727 0001665  88.5226 157.9793  1.00272020 55832
ZHONGXING-10
1 37677U 11026A   26223.88515929 -.00000204  00000+0  00000+0 0  9997
2 37677   1.1854  83.4821 0003097  46.6946 234.2729  1.00268129 55559
SES-3
1 37748U 11035A   26223.62507649 -.00000119  00000+0  00000+0 0  9993
2 37748   1.4652  82.4241 0002347  77.7339 281.9427  1.00270921 55142
KAZSAT-2
1 37749U 11035B   26223.85108274 -.00000214  00000+0  00000+0 0  9996
2 37749   0.0191 108.8520 0001246 104.2161 140.1431  1.00270989 53957
BEIDOU-2 IGSO-4
1 37763U 11038A   26223.80657315 -.00000107  00000+0  00000+0 0  9996
2 37763  54.6042 165.1790 0160422 231.3986 308.6833  1.00274354 55204
ASTRA 1N
1 37775U 11041A   26223.74029329  .00000103  00000+0  00000+0 0  9999
2 37775   0.0717  28.8029 0005549 103.3064 113.7634  1.00270522 45086
BSAT-3C (JCSAT-110R)
1 37776U 11041B   26223.82194338 -.00000367  00000+0  00000+0 0  9995
2 37776   0.0507 287.7070 0000357 312.1814 126.2317  1.00270679 51022
PAKSAT-1R
1 37779U 11042A   26223.79547977  .00000137  00000+0  00000+0 0  9990
2 37779   0.8282  83.9968 0002514   5.3439 195.2195  1.00272951 55036
SES-2
1 37809U 11049A   26223.88122707 -.00000213  00000+0  00000+0 0  9997
2 37809   0.1957  89.3612 0002732  52.7116  48.4947  1.00270766 54527
ARABSAT-5C
1 37810U 11049B   26223.77267236  .00000107  00000+0  00000+0 0  9995
2 37810   0.0519  17.9230 0003657 137.8752 102.5757  1.00272142 54591
EUTELSAT 7 WEST A
1 37816U 11051A   26223.79489155 -.00000077  00000+0  00000+0 0  9999
2 37816   0.0664 340.9462 0005215 170.9654  87.1856  1.00270775 54436
QUETZSAT 1
1 37826U 11054A   26223.55894955  .00000000  00000+0  00000+0 0  9990
2 37826   0.0151 273.9596 0002557 224.9892 305.3068  1.00269931 50428
INTELSAT 18 (IS-18)
1 37834U 11056A   26223.75230734  .00000036  00000+0  00000+0 0  9991
2 37834   0.0550 262.9862 0002028 261.8945 246.1493  1.00271480 54369
EUTELSAT 16A
1 37836U 11057A   26223.79113417  .00000088  00000+0  00000+0 0  9993
2 37836   0.0401 355.7789 0005592 144.5862 120.6915  1.00274800  7899
VIASAT-1
1 37843U 11059A   26223.62264983  .00000000  00000+0  00000+0 0  9994
2 37843   0.0251 107.2556 0002338  37.0099 284.8747  1.00268079 47874
ASIASAT 7
1 37933U 11069A   26223.81232784 -.00000350  00000+0  00000+0 0  9999
2 37933   0.0204  84.3107 0001305  28.3124 245.5764  1.00271563 45417
LUCH-5A
1 37951U 11074B   26223.40789179 -.00000068  00000+0  00000+0 0  9991
2 37951   8.8889  72.9860 0003267  98.4277 102.3204  1.00269071 53607
NIGCOMSAT 1R
1 38014U 11077A   26223.84509213  .00000128  00000+0  00000+0 0  9998
2 38014   0.0193 135.7033 0002461 207.4797 323.8306  1.00270898 53516
WGS F4 (USA 233)
1 38070U 12003A   26223.89089634 -.00000232  00000+0  00000+0 0  9992
2 38070   0.0150  80.3731 0001037 247.3414  41.7603  1.00274899 44700
SES-4
1 38087U 12007A   26223.78359413 -.00000185  00000+0  00000+0 0  9994
2 38087   0.0249  36.5397 0002429 108.8967  74.8983  1.00270225 52782
BEIDOU-2 G5
1 38091U 12008A   26223.79955312  .00000040  00000+0  00000+0 0  9990
2 38091   3.7073  69.3082 0006289 255.3404 342.1588  1.00268352 52925
MUOS-1
1 38093U 12009A   26223.55435618 -.00000144  00000+0  00000+0 0  9995
2 38093   5.5863  47.0623 0054949   4.0936   8.3902  1.00273238 53003
INTELSAT 22 (IS-22)
1 38098U 12011A   26223.83067293 -.00000075  00000+0  00000+0 0  9997
2 38098   0.0159  80.8705 0001875  69.0919 181.4597  1.00272162  7742
APSTAR-7
1 38107U 12013A   26223.87822575 -.00000118  00000+0  00000+0 0  9994
2 38107   0.0178 114.3657 0003341  38.3936 200.2319  1.00271365 52376
YAHSAT 1B
1 38245U 12016A   26223.79738645  .00000110  00000+0  00000+0 0  9996
2 38245   0.0937  89.3377 0001861  31.0354 174.5375  1.00269286 46165
AEHF-2 (USA 235)
1 38254U 12019A   26223.78472080 -.00000153  00000+0  00000+0 0  9994
2 38254   6.7755  57.0501 0002219  88.9967  80.1451  1.00270317  7549
JCSAT-13
1 38331U 12023A   26223.81255317 -.00000373  00000+0  00000+0 0  9995
2 38331   0.0066 165.4762 0002853 352.2586 219.0498  1.00272283 52096
VINASAT-2
1 38332U 12023B   26223.81411317 -.00000345  00000+0  00000+0 0  9999
2 38332   0.0411 286.8680 0002164 216.6311 241.6980  1.00273409 47218
NIMIQ 6
1 38342U 12026A   26223.55608954 -.00000190  00000+0  00000+0 0  9997
2 38342   0.0650 272.0375 0002675 230.2697 286.7853  1.00270547 50963
ZHONGXING-2A
1 38352U 12028A   26223.80743983 -.00000309  00000+0  00000+0 0  9992
2 38352   1.5926  83.1179 0001272  75.8671 190.1950  1.00268826 51858
INTELSAT 19 (IS-19)
1 38356U 12030A   26223.74953398  .00000000  00000+0  00000+0 0  9992
2 38356   0.0243  95.7284 0003028  53.9743 246.3438  1.00267950 51001
ECHOSTAR 17
1 38551U 12035A   26223.62429648 -.00000092  00000+0  00000+0 0  9999
2 38551   0.0148  79.8245 0002081  59.7059 298.1930  1.00271751 51617
METEOSAT-10 (MSG-3)
1 38552U 12035B   26223.78801416 -.00000022  00000+0  00000+0 0  9997
2 38552   4.7994  60.7211 0000868  34.5922 148.8632  1.00275825 51415
SES-5
1 38652U 12036A   26223.78896750  .00000017  00000+0  00000+0 0  9997
2 38652   0.0591 304.7876 0001922 197.7241 106.7359  1.00271113 45018
INTELSAT 20 (IS-20)
1 38740U 12043A   26223.87200041 -.00000042  00000+0  00000+0 0  9994
2 38740   0.0180 108.9863 0001315  58.1278 175.6371  1.00273114 51307
HYLAS 2
1 38741U 12043B   26223.77761411 -.00000293  00000+0  00000+0 0  9995
2 38741   2.5655  80.3561 0001828 146.6730 320.8584  1.00532267 51335
INTELSAT 21 (IS-21)
1 38749U 12045A   26223.77648744 -.00000302  00000+0  00000+0 0  9999
2 38749   0.0533 263.7659 0001879 264.8780  13.1131  1.00269708 51089
ASTRA 2F
1 38778U 12051A   26223.79357309  .00000133  00000+0  00000+0 0  9995
2 38778   0.0673 260.7618 0002942 291.6383  81.6957  1.00270054 41695
GSAT-10
1 38779U 12051B   26223.87081398 -.00000182  00000+0  00000+0 0  9992
2 38779   0.0024  18.5540 0006613  87.9256 250.3340  1.00272668 50653
INTELSAT 23 (IS-23)
1 38867U 12057A   26223.77752744 -.00000301  00000+0  00000+0 0  9998
2 38867   0.0071  62.0818 0000755 144.5419 340.5368  1.00274615 50518
BEIDOU-2 G6
1 38953U 12059A   26223.87656720 -.00000192  00000+0  00000+0 0  9992
2 38953   4.5575  72.8948 0007513 328.4466 318.5417  1.00268751 50467
LUCH-5B
1 38977U 12061A   26223.78480748 -.00000153  00000+0  00000+0 0  9993
2 38977  10.6004  49.3128 0004903 154.6576  22.5630  1.00272998 50162
YAMAL 300K
1 38978U 12061B   26223.75291402  .00000054  00000+0  00000+0 0  9997
2 38978   0.0255 220.7422 0000047 147.6973  45.7712  1.00271725 50181
STAR ONE C3
1 38991U 12062A   26223.77302075 -.00000266  00000+0  00000+0 0  9990
2 38991   0.0017  55.3466 0002120  96.1700  11.9857  1.00270493 50324
EUTELSAT 21B
1 38992U 12062B   26223.76711470  .00000114  00000+0  00000+0 0  9994
2 38992   0.0712 337.8656 0003143 164.5145 115.6183  1.00275386 50381
ECHOSTAR 16
1 39008U 12065A   26223.47683507 -.00000298  00000+0  00000+0 0  9997
2 39008   0.0120 104.4805 0002062  31.0310 294.5816  1.00270084 50197
ZHONGXING-12
1 39017U 12067A   26223.80527315 -.00000223  00000+0  00000+0 0  9998
2 39017   0.0270 107.5876 0002579  33.6285 196.4355  1.00272142 50068
EUTELSAT 70B
1 39020U 12069A   26223.80189311 -.00000060  00000+0  00000+0 0  9993
2 39020   0.0642 354.2355 0003622 145.6264 179.5643  1.00271885 50064
YAMAL 402
1 39022U 12070A   26223.86791775  .00000069  00000+0  00000+0 0  9994
2 39022   1.4025  83.4142 0003576  56.4513 187.7967  1.00271499 49952
SKYNET 5D
1 39034U 12075A   26223.79842645  .00000083  00000+0  00000+0 0  9993
2 39034   0.0734   1.6859 0003377 150.4071 148.3255  1.00270015 49717
MEXSAT 3
1 39035U 12075B   26223.69405991  .00000000  00000+0  00000+0 0  9991
2 39035   0.0276 103.7673 0000926  67.4224 284.0457  1.00268967  7619
TDRS 11
1 39070U 13004A   26223.75343402  .00000063  00000+0  00000+0 0  9997
2 39070   3.6032  32.0938 0004367  35.6225 349.2985  1.00272900 47252
AMAZONAS 3
1 39078U 13006A   26223.47683507 -.00000299  00000+0  00000+0 0  9991
2 39078   0.0517 250.7650 0004158 280.4378 259.3948  1.00272124 45465
AZERSPACE 1
1 39079U 13006B   26223.84725141  .00000000  00000+0  00000+0 0  9993
2 39079   0.0154 106.9705 0001186  29.9608 174.3812  1.00268464 49367
SBIRS GEO-2 (USA 241)
1 39120U 13011A   26223.77813411 -.00000303  00000+0  00000+0 0  9993
2 39120   4.6063  52.4782 0001908  84.0207  54.0656  1.00271311 49097
EUTELSAT 117 WEST A
1 39122U 13012A   26223.62230315 -.00000029  00000+0  00000+0 0  9991
2 39122   0.0477 278.4864 0002601 230.0545 278.7535  1.00271140 48986
ANIK G1
1 39127U 13014A   26223.62420983  .00000000  00000+0  00000+0 0  9998
2 39127   0.0187 110.4327 0002126  48.7100 278.3765  1.00269908 48802
ZHONGXING-11
1 39157U 13020A   26223.45098969 -.00000306  00000+0  00000+0 0  9994
2 39157   0.0224  50.1249 0001665  51.2425 118.7938  1.00269602 48457
EUTELSAT 7B
1 39163U 13022A   26223.71815332  .00000032  00000+0  00000+0 0  9998
2 39163   0.0750 328.0677 0002127  83.1813 174.4715  1.00273716 48508
WGS F5 (USA 243)
1 39168U 13024A   26223.77761411  .00000000  00000+0  00000+0 0  9994
2 39168   0.0285 100.8874 0000271 122.3143 324.4921  1.00269206 47730
SES-6
1 39172U 13026A   26223.47128294 -.00000278  00000+0  00000+0 0  9992
2 39172   0.0231  50.3814 0001753  69.6636 329.0196  1.00268496 48281
IRNSS-1A
1 39199U 13034A   26223.74756013  .00000059  00000+0  00000+0 0  9992
2 39199  35.8410  63.0731 0019339 179.4199  41.9084  1.00277812 47925
MUOS-2
1 39206U 13036A   26223.75074734 -.00000029  00000+0  00000+0 0  9995
2 39206   5.1035  45.5565 0054697 176.2563 180.6395  1.00271525 47744
ALPHASAT
1 39215U 13038A   26223.79287977  .00000119  00000+0  00000+0 0  9995
2 39215   3.0009   0.9110 0003184 166.8831 102.7609  1.00271056 44571
INSAT-3D
1 39216U 13038B   26223.81350652 -.00000357  00000+0  00000+0 0  9995
2 39216   2.0648  81.8040 0001007 113.0465 187.7847  1.00269072 47631
WGS F6 (USA 244)
1 39222U 13041A   26223.76123404  .00000072  00000+0  00000+0 0  9996
2 39222   0.0147  79.7058 0000291 207.7350 171.6091  1.00269883 46624
ES'HAIL 1
1 39233U 13044A   26223.82162447  .00000126  00000+0  00000+0 0  9998
2 39233   0.0567 331.5661 0002109 169.9571 140.0345  1.00266971 47184
GSAT-7
1 39234U 13044B   26223.87462774 -.00000094  00000+0  00000+0 0  9995
2 39234   0.2188  88.4301 0004035 165.8136  94.9533  1.00271125 45818
AMOS-4
1 39237U 13045A   26223.80085312 -.00000009  00000+0  00000+0 0  9997
2 39237   0.0452 252.1132 0001685 215.3787 206.0721  1.00272162 47512
AEHF-3 (USA 246)
1 39256U 13050A   26223.69206655  .00000012  00000+0  00000+0 0  9999
2 39256   5.4278  66.6519 0089877 187.7117 190.7074  1.00269231 46212
ASTRA 2E
1 39285U 13056A   26223.79365977  .00000134  00000+0  00000+0 0  9996
2 39285   0.1046 296.6439 0002813 216.2632 121.5817  1.00276987 46976
FM-6
1 39360U 13058A   26223.62238983 -.00000032  00000+0  00000+0 0  9998
2 39360   0.0108  32.7437 0000550 185.1398 209.8838  1.00271413 46628
RADUGA-1M 3
1 39375U 13062A   26223.79487309  .00000135  00000+0  00000+0 0  9998
2 39375   6.0961  71.6311 0002288 295.4162 274.3180  1.00272167 46662
SES-8
1 39460U 13071A   26223.89746251 -.00000286  00000+0  00000+0 0  9996
2 39460   0.0649 269.9053 0002352 213.5381 254.9740  1.00270504 44987
INMARSAT 5-F1
1 39476U 13073A   26223.84985578  .00000010  00000+0  00000+0 0  9991
2 39476   0.0164  84.3697 0000983  74.5177 169.9856  1.00279082 46137
TKSAT-1 (TUPAC KATARI)
1 39481U 13075A   26223.87428380  .00000000  00000+0  00000+0 0  9994
2 39481   0.0179 106.9031 0002303  25.3276  55.6723  1.00268636 46164
EXPRESS-AM5
1 39487U 13077A   26223.77095581 -.00000297  00000+0  00000+0 0  9993
2 39487   0.0061 168.3451 0000448  50.8313 158.6163  1.00272482 46910
GSAT-14
1 39498U 14001A   26223.87462772 -.00000094  00000+0  00000+0 0  9999
2 39498   0.0147 138.1525 0003702  74.6715 136.3744  1.00271353 45935
THAICOM 6
1 39500U 14002A   26223.87997860 -.00000138  00000+0  00000+0 0  9994
2 39500   0.0339 122.1936 0004171  14.3790 219.0548  1.00272671 46011
TDRS 12
1 39504U 14004A   26223.89510875 -.00000287  00000+0  00000+0 0  9994
2 39504   4.0340  19.9521 0005724 202.6224  18.7868  1.00262930 44837
ABS-2
1 39508U 14006A   26223.88025637  .00000000  00000+0  00000+0 0  9998
2 39508   0.0265  99.7805 0002869  34.8386 217.5472  1.00269955 45830
ATHENA-FIDUS
1 39509U 14006B   26223.84178632  .00000137  00000+0  00000+0 0  9990
2 39509   0.0174 117.6911 0001347  38.1693 145.2627  1.00271363 45640
TURKSAT 4A
1 39522U 14007A   26223.84510859  .00000129  00000+0  00000+0 0  9998
2 39522   0.0978 278.3263 0002257 318.6173  69.5675  1.00272648 45527
EXPRESS-AT1
1 39612U 14010A   26223.87200005 -.00000064  00000+0  00000+0 0  9993
2 39612   0.3954  85.0375 0004790  68.3807 190.7140  1.00313011 45375
EXPRESS-AT2
1 39613U 14010B   26223.79903310  .00000000  00000+0  00000+0 0  9993
2 39613   0.0147 108.2886 0000267 183.9168  11.7008  1.00269982 45058
AMAZONAS 4A
1 39616U 14011A   26223.77319410 -.00000269  00000+0  00000+0 0  9995
2 39616   0.0594 191.9003 0005666 331.5543   1.0992  1.00268435 45273
ASTRA 5B
1 39617U 14011B   26223.76711470  .00000121  00000+0  00000+0 0  9993
2 39617   0.1124 287.8021 0002949 240.5391  91.5365  1.00279164 45224
IRNSS-1B
1 39635U 14017A   26223.13447729  .00000129  00000+0  00000+0 0  9991
2 39635  28.8312 239.4561 0020983 193.4854 350.0104  1.00273547 45346
LUCH-5V
1 39727U 14023A   26223.89068104 -.00000287  00000+0  00000+0 0  9995
2 39727   5.2666  69.1358 0002404 112.0092 194.5827  1.00272728 44915
KAZSAT-3
1 39728U 14023B   26223.79955311  .00000000  00000+0  00000+0 0  9992
2 39728   0.0266  86.6745 0000910  95.3026 124.6336  1.00274181 43013
EUTELSAT 3B
1 39773U 14030A   26223.78862082  .00000003  00000+0  00000+0 0  9994
2 39773   0.0644 355.3943 0003817 146.3100 105.5232  1.00271064 44626
ASIASAT 8 (AMOS-7)
1 40107U 14046A   26223.86241036  .00000000  00000+0  00000+0 0  9990
2 40107   0.0229 100.6634 0001665  17.3846 258.0531  1.00269496102705
ASIASAT 6
1 40141U 14052A   26223.68317446 -.00000379  00000+0  00000+0 0  9994
2 40141   0.0081  55.6658 0000823  91.2194 179.0962  1.00272374 43631
OPTUS 10
1 40146U 14054A   26223.74754065 -.00000164  00000+0  00000+0 0  9992
2 40146   0.1055  25.8589 0001872 112.1292 247.3254  1.00272029 43581
MEASAT-3B
1 40147U 14054B   26223.79776875 -.00000259  00000+0  00000+0 0  9996
2 40147   0.0331 332.1466 0002413 117.3740 249.4442  1.00272416 43473
HIMAWARI-8
1 40267U 14060A   26223.81584653 -.00000292  00000+0  00000+0 0  9997
2 40267   0.0265 336.4652 0000903 193.7997 224.3851  1.00272300 43311
IRNSS-1C
1 40269U 14061A   26223.66182331 -.00000179  00000+0  00000+0 0  9994
2 40269   6.6542  87.8690 0021535   8.4190 184.9703  1.00267932 43247
INTELSAT 30 (IS-30)
1 40271U 14062A   26223.55539619 -.00000167  00000+0  00000+0 0  9998
2 40271   0.0126  62.9267 0001456 326.9494  35.0211  1.00267769  7344
ARSAT 1
1 40272U 14062B   26223.62307949 -.00000276  00000+0  00000+0 0  9997
2 40272   0.0214 341.8625 0001719 152.8599 337.8587  1.00270741 43189
EUTELSAT 53A
1 40277U 14064A   26223.79851311  .00000000  00000+0  00000+0 0  9993
2 40277   0.0234  98.1907 0001427 104.1211  98.4105  1.00273469 42127
GSAT-16
1 40332U 14078A   26223.79885977  .00000068  00000+0  00000+0 0  9999
2 40332   0.0623  86.8984 0006924  19.3512 196.6831  1.00271667 42662
DIRECTV 14
1 40333U 14078B   26223.62585649 -.00000142  00000+0  00000+0 0  9999
2 40333   0.0125  64.3112 0000499 306.3622  75.4742  1.00271525 42596
YAMAL 401
1 40345U 14082A   26223.89600420 -.00000245  00000+0  00000+0 0  9995
2 40345   0.0322 241.4949 0000557  59.7458  71.5973  1.00272005 42479
ASTRA 2G
1 40364U 14089A   26223.79357309  .00000133  00000+0  00000+0 0  9992
2 40364   0.0541 337.0185 0003515 108.5531 188.5519  1.00268397 42529
FENGYUN 2G
1 40367U 14090A   26223.79853730 -.00000320  00000+0  00000+0 0  9995
2 40367   5.7743  72.1214 0004497 170.9651 104.3285  1.00268940 42557
MUOS-3
1 40374U 15002A   26223.78489413 -.00000145  00000+0  00000+0 0  9994
2 40374   4.6256  43.7040 0055448 177.2591   6.3816  1.00271847 42144
INMARSAT 5-F2
1 40384U 15005A   26223.77709411 -.00000302  00000+0  00000+0 0  9995
2 40384   0.0149  78.6706 0000602 136.3077 329.9922  1.00272252 41556
ABS-3A
1 40424U 15010A   26223.78740749 -.00000044  00000+0  00000+0 0  9999
2 40424   0.0152  88.6216 0001652   1.1366 150.9186  1.00269296 41938
EUTELSAT 115 WEST B
1 40425U 15010B   26223.62273648 -.00000041  00000+0  00000+0 0  9999
2 40425   0.0163 241.0622 0000360 224.3834 323.9066  1.00270829 41934
EXPRESS-AM7
1 40505U 15012A   26223.84400250  .00000134  00000+0  00000+0 0  9997
2 40505   0.0151  76.9228 0002819  70.2915 156.8982  1.00270543 41568
BEIDOU-3S IGSO-1S
1 40549U 15019A   26223.66549903 -.00000159  00000+0  00000+0 0  9999
2 40549  49.0882 294.7910 0039003 199.0637 159.5999  1.00295505 41624
THOR 7
1 40613U 15022A   26223.78784081 -.00000025  00000+0  00000+0 0  9998
2 40613   0.0567 260.1947 0002257 242.5713 100.4376  1.00274930 41375
TURKMENALEM52E/MONACOSAT
1 40617U 15023A   26223.82304653  .00000087  00000+0  00000+0 0  9998
2 40617   0.0244  95.0719 0002811  58.9068 154.6017  1.00270580 41405
DIRECTV 15
1 40663U 15026A   26223.62507649 -.00000119  00000+0  00000+0 0  9997
2 40663   0.0242  87.9570 0000451 269.3594  84.9135  1.00271095 41014
SKY MEXICO-1
1 40664U 15026B   26223.55860287 -.00000250  00000+0  00000+0 0  9996
2 40664   0.0190  79.2446 0002551  81.8777 281.1851  1.00270165 41008
METEOSAT-11 (MSG-4)
1 40732U 15034A   26223.77267236  .00000048  00000+0  00000+0 0  9994
2 40732   3.3360  70.7305 0001814   0.3688 176.9788  1.00280540  7771
STAR ONE C4
1 40733U 15034B   26223.77414743 -.00000282  00000+0  00000+0 0  9993
2 40733   0.0393 323.9067 0001009 179.6593  25.3623  1.00271727 40578
WGS F7 (USA 263)
1 40746U 15036A   26223.75135399  .00000001  00000+0  00000+0 0  9992
2 40746   0.0093  89.8454 0000301 154.5873 161.2378  1.00270688 40420
INTELSAT 34 (IS-34)
1 40874U 15039A   26223.77700744  .00000000  00000+0  00000+0 0  9990
2 40874   0.0209  79.1682 0000242 276.2163 189.0912  1.00267305 40192
EUTELSAT 8 WEST B
1 40875U 15039B   26223.80031034 -.00000082  00000+0  00000+0 0  9995
2 40875   0.0687 338.3169 0003666 156.9861 105.0670  1.00272149 40219
GSAT-6
1 40880U 15041A   26223.84736416 -.00000177  00000+0  00000+0 0  9999
2 40880   2.0579  81.8624 0002905  56.5522 209.3863  1.00269174 40156
INMARSAT 5-F3
1 40882U 15042A   26223.75222066  .00000033  00000+0  00000+0 0  9993
2 40882   0.0154  78.4667 0000526 273.8059  58.2850  1.00271343 40125
MUOS-4
1 40887U 15044A   26223.83036595 -.00000109  00000+0  00000+0 0  9994
2 40887   4.4327  42.5107 0054837   4.0094 287.6780  1.00271323 40115
TJS-1
1 40892U 15046A   26223.73067628 -.00000173  00000+0  00000+0 0  9993
2 40892   0.4616  84.5392 0004316  40.1172 253.5827  1.00272139 40126
EXPRESS-AM8
1 40895U 15048A   26223.00108367 -.00000126  00000+0  00000+0 0  9992
2 40895   0.0031  42.5779 0000199 351.0579 272.2151  1.00271622 39895
BEIDOU-3S IGSO-2S
1 40938U 15053A   26214.59725278 -.00000074  00000+0  00000+0 0  9998
2 40938  49.1518 258.2267 0066355 193.9763 165.8677  1.00249594 39814
SKY MUSTER 1 (NBN1A)
1 40940U 15054A   26223.81575985 -.00000296  00000+0  00000+0 0  9991
2 40940   0.0117 121.2511 0001626  25.3342 247.6016  1.00269691 39816
ARSAT 2
1 40941U 15054B   26223.55816955 -.00000241  00000+0  00000+0 0  9998
2 40941   0.0121  41.3885 0001946  89.4532 309.1078  1.00270712 39857
MORELOS 3
1 40946U 15056A   26223.69431991 -.00000059  00000+0  00000+0 0  9990
2 40946   3.2345  16.4517 0001829 188.3571 252.2153  1.00273078 39841
APSTAR-9
1 40982U 15059A   26222.81817653 -.00000280  00000+0  00000+0 0  9995
2 40982   0.0174  37.1814 0001984 124.3424 234.3175  1.00272520 39650
TURKSAT 4B
1 40984U 15060A   26223.79790645  .00000098  00000+0  00000+0 0  9994
2 40984   0.0555 265.3831 0002265 226.7881 165.2878  1.00271979 39655
ZHONGXING-2C
1 41021U 15063A   26223.45211634 -.00000340  00000+0  00000+0 0  9990
2 41021   0.4103  87.7835 0008630 107.4242  30.8935  1.00271651 39534
GSAT-15
1 41028U 15065A   26223.80648647 -.00000274  00000+0  00000+0 0  9992
2 41028   0.0609 269.9860 0002263 197.5584 236.5428  1.00269995 39355
BADR-7 (ARABSAT-6B)
1 41029U 15065B   26223.82162524  .00000128  00000+0  00000+0 0  9997
2 41029   0.0533 252.3407 0006045 318.9880  70.7447  1.00275440 39323
LAOSAT 1
1 41034U 15067A   26223.81341985 -.00000360  00000+0  00000+0 0  9993
2 41034   0.0423 283.4219 0002172 157.5417 300.6099  1.00268184 39418
TELSTAR 12V
1 41036U 15068A   26223.78498080  .00000000  00000+0  00000+0 0  9991
2 41036   0.0287 101.2781 0002081  41.4324  85.1311  1.00269653 39184
ELEKTRO-L 2
1 41105U 15074A   26221.93171171 -.00000131  00000+0  00000+0 0  9995
2 41105   6.8236  69.8440 0001369 190.2717  19.2506  1.00271035 39043
COSMOS 2513
1 41121U 15075A   26223.73425186 -.00000155  00000+0  00000+0 0  9998
2 41121   0.0485 102.7602 0001550   6.8122 195.1855  1.00271822 39106
EXPRESS-AMU1
1 41191U 15082A   26223.84067440  .00000139  00000+0  00000+0 0  9991
2 41191   0.0048 125.1523 0002483  32.3554 141.5191  1.00277063 38827
GAOFEN-4
1 41194U 15083A   26223.62193737 -.00000351  00000+0  00000+0 0  9997
2 41194   0.4946  83.6519 0004407 130.8445  75.1368  1.00267402 39088
BELINTERSAT-1
1 41238U 16001A   26223.82304699  .00000089  00000+0  00000+0 0  9997
2 41238   0.0765 273.9312 0002086 161.2309 232.8970  1.00276723 38799
IRNSS-1E
1 41241U 16003A   26223.65435624 -.00000310  00000+0  00000+0 0  9995
2 41241  33.3536  58.9456 0020624 176.6746  71.8153  1.00277769 38639
EUTELSAT 9B
1 41310U 16005A   26223.78974750  .00000045  00000+0  00000+0 0  9990
2 41310   0.0296  64.1199 0001640 104.3720  85.0396  1.00270951 38676
SES-9
1 41380U 16013A   26223.80943316 -.00000362  00000+0  00000+0 0  9996
2 41380   0.0169 339.6558 0001887 139.2182 241.0764  1.00271545 37990
EUTELSAT 65 WEST A
1 41382U 16014A   26223.77510078 -.00000293  00000+0  00000+0 0  9993
2 41382   0.0561 333.7227 0002185 169.3885  30.9369  1.00268863 38088
IRNSS-1F
1 41384U 16015A   26223.77345412  .00000138  00000+0  00000+0 0  9991
2 41384   5.4843  95.4973 0018491 176.4800 359.1714  1.00267872 38220
BEIDOU-2 IGSO-6
1 41434U 16021A   26223.89001853 -.00000139  00000+0  00000+0 0  9997
2 41434  60.3104  37.4870 0060072 228.1108 110.4810  1.00287985 38037
IRNSS-1G
1 41469U 16027A   26223.64232750 -.00000354  00000+0  00000+0 0  9995
2 41469   5.3282  96.1922 0005220  33.6368 190.9914  1.00273606 37731
JCSAT-2B
1 41471U 16028A   26223.81329653 -.00000183  00000+0  00000+0 0  9997
2 41471   0.0139  83.7666 0000471  48.5965 274.6850  1.00268739 37689
THAICOM 8
1 41552U 16031A   26223.84756399 -.00000138  00000+0  00000+0 0  9995
2 41552   0.0580  18.3284 0001944  66.9223 258.6712  1.00272161 37274
INTELSAT 31 (IS-31)
1 41581U 16035A   26223.52422406 -.00000167  00000+0  00000+0 0  9997
2 41581   0.0416 256.5030 0001537  61.7638  95.3705  1.00269287 37239
BEIDOU-2 G7
1 41586U 16037A   26223.89120865 -.00000370  00000+0  00000+0 0  9994
2 41586   1.8533  69.5934 0005184   0.4756 321.6599  1.00269110  7442
ABS-2A (MONGOLSAT-1)
1 41588U 16038A   26223.84441404  .00000000  00000+0  00000+0 0  9996
2 41588   0.0219 100.7597 0002240 355.4917 242.7978  1.00279519 37262
EUTELSAT 117 WEST B
1 41589U 16038B   26223.69362655 -.00000028  00000+0  00000+0 0  9991
2 41589   0.0162 241.2925 0000405 206.4712   5.0898  1.00271824 37223
BRISAT
1 41591U 16039A   26223.74650065  .00000000  00000+0  00000+0 0  9995
2 41591   0.0154  94.6526 0002008  49.4963 235.2800  1.00268875 37163
ECHOSTAR 18
1 41592U 16039B   26223.56198288 -.00000298  00000+0  00000+0 0  9990
2 41592   0.0138  82.7300 0001373  66.0688 312.1666  1.00270460 37187
MUOS-5
1 41622U 16041A   26223.69553323 -.00000157  00000+0  00000+0 0  9990
2 41622   2.0892 302.8154 0201742 260.6185 262.0810  1.00271465 37640
TIANTONG-1 1
1 41725U 16048A   26223.90642113 -.00000334  00000+0  00000+0 0  9998
2 41725   3.9552  43.7997 0003733  66.5918 277.6531  1.00274377 36826
JCSAT-16
1 41729U 16050A   26223.81645318 -.00000268  00000+0  00000+0 0  9991
2 41729   0.0132  84.3616 0000586  61.0144 252.7576  1.00270266 36629
USA 270
1 41744U 16052A   26219.53576314 -.00000357  00000+0  00000+0 0  9992
2 41744   4.3247  76.5199 0010024 104.9956  92.6705  1.00255160 28649
USA 271
1 41745U 16052B   26219.67289971 -.00000293  00000+0  00000+0 0  9997
2 41745   4.2978  76.5885 0013107 166.0517  53.7338  1.00267729 28430
INTELSAT 36 (IS-36)
1 41747U 16053A   26223.87200041 -.00000041  00000+0  00000+0 0  9999
2 41747   0.0101  44.6718 0002587 301.4801 356.5833  1.00270346 36517
INSAT-3DR
1 41752U 16054A   26223.87462773 -.00000094  00000+0  00000+0 0  9996
2 41752   0.0391  98.2135 0011031 168.1206  82.8638  1.00270982 36375
GSAT-18
1 41793U 16060A   26223.87462771 -.00000094  00000+0  00000+0 0  9996
2 41793   0.0139 102.6825 0003915   2.4537 244.0481  1.00271647 36080
SKY MUSTER 2 (NBN1B)
1 41794U 16060B   26223.81662653 -.00000261  00000+0  00000+0 0  9998
2 41794   0.0099 134.0080 0001488  14.1663 250.8805  1.00269828 36073
HIMAWARI-9
1 41836U 16064A   26223.61625344  .00000000  00000+0  00000+0 0  9993
2 41836   0.0152 224.1582 0002257 339.8198 118.7228  1.00267118 35769
SHIJIAN-17 (SJ-17)
1 41838U 16065A   26223.60437690 -.00000253  00000+0  00000+0 0  9991
2 41838   5.8891  71.9162 0001840  61.1277 199.2387  0.99870772 35758
GOES 16
1 41866U 16071A   26223.62472984 -.00000107  00000+0  00000+0 0  9994
2 41866   0.4699  85.1431 0001206 118.4968 236.6133  1.00270624 35658
TIANLIAN 1-04
1 41869U 16072A   26223.68045317  .00000013  00000+0  00000+0 0  9995
2 41869   1.0066  82.5191 0045917  93.1723 206.2000  1.00270552 35853
WGS F8 (USA 272)
1 41879U 16075A   26223.67516647 -.00000220  00000+0  00000+0 0  9998
2 41879   0.0201  81.3241 0000397 283.2830 348.3787  1.00266562 35374
FENGYUN 4A
1 41882U 16077A   26223.81246652 -.00000374  00000+0  00000+0 0  9996
2 41882   2.4584  79.5942 0007945 165.6390 131.3151  1.00269484 35488
ECHOSTAR 19
1 41893U 16079A   26223.55496286 -.00000155  00000+0  00000+0 0  9998
2 41893   0.0131  87.9255 0001401  62.2909 272.4769  1.00271252 35254
JCSAT-110A (JCSAT-15)
1 41903U 16082A   26223.82193866 -.00000368  00000+0  00000+0 0  9998
2 41903   0.0146  89.8577 0000895  58.3566 218.0336  1.00278433 35312
STAR ONE D1
1 41904U 16082B   26223.55756287 -.00000227  00000+0  00000+0 0  9995
2 41904   0.0156 237.5569 0002074 248.7629 310.4191  1.00269047 35321
TJS-2
1 41911U 17001A   26223.87152367 -.00000024  00000+0  00000+0 0  9994
2 41911   0.9719  84.5242 0001330 129.0701 127.0134  1.00271850 35275
SBIRS GEO-4 (USA 273)
1 41937U 17004A   26223.74240293  .00000112  00000+0  00000+0 0  9994
2 41937   2.3494  44.6102 0002458  87.5162 117.4607  1.00271250 35151
HISPASAT 36W-1
1 41942U 17006A   26223.78082080 -.00000261  00000+0  00000+0 0  9990
2 41942   0.0150 336.0089 0001055 162.2072  67.1106  1.00271223 34802
TELKOM 3S
1 41944U 17007A   26223.81133984 -.00000379  00000+0  00000+0 0  9997
2 41944   0.0381 252.9943 0002128 252.3200 225.0269  1.00269911 34694
INTELSAT 32E (IS-32E)
1 41945U 17007B   26223.77943412 -.00000286  00000+0  00000+0 0  9995
2 41945   0.0062 114.5022 0000692 281.3482 161.7959  1.00269010 34782
ECHOSTAR 23
1 42070U 17014A   26223.62368983 -.00000073  00000+0  00000+0 0  9995
2 42070   0.0155  88.9582 0002003  47.2788 298.4663  1.00269831 34473
WGS F9 (USA 275)
1 42075U 17016A   26223.82822395  .00000000  00000+0  00000+0 0  9995
2 42075   0.0238  95.1031 0000453 147.6635   3.7031  1.00271310 34451
SES-10
1 42432U 17017A   26223.77475411 -.00000289  00000+0  00000+0 0  9990
2 42432   0.0151  57.7119 0002521  88.3731  26.1449  1.00268790 34314
CHINASAT 16 (SJ-13)
1 42662U 17018A   26223.02578378 -.00000367  00000+0  00000+0 0  9997
2 42662   0.0743  90.8957 0006235 133.8209 214.5747  1.00267738 34298
KOREASAT 7
1 42691U 17023A   26223.81090649 -.00000379  00000+0  00000+0 0  9995
2 42691   0.0192 336.4610 0000752 136.4185 255.2044  1.00269466 33924
SGDC
1 42692U 17023B   26223.31962659 -.00000265  00000+0  00000+0 0  9994
2 42692   0.0133  74.4176 0002092  74.7289 210.8478  1.00271165 33954
GSAT-9
1 42695U 17024A   26223.89959941 -.00000303  00000+0  00000+0 0  9994
2 42695   0.0710 262.6453 0002000 246.6317 232.2829  1.00271871 33859
INMARSAT 5-F4
1 42698U 17025A   26223.79911977  .00000059  00000+0  00000+0 0  9991
2 42698   0.0150  74.7231 0000596 118.2143 111.4758  1.00271476 33833
SES-15
1 42709U 17026A   26223.69119987  .00000044  00000+0  00000+0 0  9999
2 42709   0.0451 294.3314 0000187 222.4604 283.0092  1.00267589  7982
QZS-2 (MICHIBIKI-2)
1 42738U 17028A   26221.90379302 -.00000103  00000+0  00000+0 0  9991
2 42738  39.3504 242.3610 0754942 269.9453 273.8923  1.00270190  8166
VIASAT-2
1 42740U 17029A   26223.62806068 -.00000281  00000+0  00000+0 0  9997
2 42740   0.0032  42.2320 0000220 200.4700 233.5776  1.00269321 33759
EUTELSAT 172B
1 42741U 17029B   26223.75074734 -.00000023  00000+0  00000+0 0  9993
2 42741   0.0204 138.8102 0000342 241.2265  22.4510  1.00270016 34299
GSAT-19
1 42747U 17031A   26223.79747310  .00000109  00000+0  00000+0 0  9997
2 42747   0.0651 265.1302 0005065 181.9786 208.0608  1.00271980 33708
ECHOSTAR 21
1 42749U 17032A   26223.79000750  .00000052  00000+0  00000+0 0  9997
2 42749   1.7735 359.2459 0002155 133.8370 121.8310  1.00273255 33654
BULGARIASAT-1
1 42801U 17038A   26223.78836082 -.00000006  00000+0  00000+0 0  9996
2 42801   0.0039  90.9498 0002941  53.3704 101.6292  1.00271301 33402
HELLAS-SAT 3
1 42814U 17040A   26223.84289477  .00000136  00000+0  00000+0 0  9993
2 42814   0.0550  50.9573 0002689  32.4520 219.3089  1.00271181 33369
GSAT-17
1 42815U 17040B   26223.79875286 -.00000274  00000+0  00000+0 0  9991
2 42815   0.0137  87.1727 0002801 166.0079  88.1182  1.00270250 33343
INTELSAT 35E (IS-35E)
1 42818U 17041A   26223.78116747 -.00000255  00000+0  00000+0 0  9993
2 42818   0.0156  85.4485 0001856  65.4811  56.0176  1.00270493 33373
COSMOS 2520
1 42907U 17046A   26223.79686645  .00000120  00000+0  00000+0 0  9997
2 42907   0.0267 107.3172 0001043 356.8010 187.9955  1.00270837 32952
TDRS 13
1 42915U 17047A   26223.78576081 -.00000114  00000+0  00000+0 0  9992
2 42915   3.4692   4.0620 0014487 116.5813 111.1030  1.00271732 32902
QZS-3 (MICHIBIKI-3)
1 42917U 17048A   26223.80900992 -.00000365  00000+0  00000+0 0  9998
2 42917   0.0617 141.9543 0002033  15.5368 221.0251  1.00268973 32815
AMAZONAS 5
1 42934U 17053A   26223.56206955 -.00000299  00000+0  00000+0 0  9990
2 42934   0.0497 294.6441 0001001 235.9317 290.7785  1.00270416 32606
ASIASAT 9
1 42942U 17057A   26223.68460475 -.00000376  00000+0  00000+0 0  9991
2 42942   0.0160  86.7838 0002463  42.1477 199.7715  1.00278565 32413
INTELSAT 37E (IS-37E)
1 42950U 17059A   26223.78437413 -.00000158  00000+0  00000+0 0  9997
2 42950   0.0155  77.5300 0003074  79.6078  67.4614  1.00270388 32626
BSAT-4A
1 42951U 17059B   26223.81692404 -.00000367  00000+0  00000+0 0  9997
2 42951   0.0391 356.6482 0002682  94.6216 272.9229  1.00272164 32355
QZS-4 (MICHIBIKI-4)
1 42965U 17062A   26223.47128812 -.00000336  00000+0  00000+0 0  9991
2 42965  40.0734 342.7814 0747976 269.0406  18.0177  1.00282560 32353
SES-11 (ECHOSTAR 105)
1 42967U 17063A   26223.69579323 -.00000106  00000+0  00000+0 0  9990
2 42967   0.0687 280.0803 0003221 238.1878 307.4107  1.00273100 32288
KOREASAT 5A
1 42984U 17067A   26223.81038649 -.00000375  00000+0  00000+0 0  9996
2 42984   0.0126  75.5620 0000528  77.4191 212.1757  1.00270742 32088
ALCOMSAT 1
1 43039U 17078A   26223.78307413 -.00000204  00000+0  00000+0 0  9995
2 43039   0.0667 279.4465 0002257 219.7643  78.1069  1.00268228 31852
SBIRS GEO-3 (USA 282)
1 43162U 18009A   26223.75638068  .00000112  00000+0  00000+0 0  9994
2 43162   2.2271  14.6120 0001762 130.4989 287.9952  1.00271770 31401
AL YAH 3
1 43174U 18012A   26223.78402748 -.00000173  00000+0  00000+0 0  9996
2 43174   1.6905  82.3931 0003398  59.7370  80.2517  1.00270896 31406
SES-14
1 43175U 18012B   26223.70723330 -.00000295  00000+0  00000+0 0  9997
2 43175   0.0136  49.5560 0001019 104.3216  13.3817  1.00269362  7581
GOES 17
1 43226U 18022A   26223.62776317 -.00000199  00000+0  00000+0 0  9992
2 43226   1.0748  84.8080 0000756 110.0450 261.7349  1.00271334 30989
HISPASAT 30W-6
1 43228U 18023A   26223.42568655 -.00000233  00000+0  00000+0 0  9996
2 43228   0.0405  55.7448 0004420  50.7038 336.6933  1.00263319 30951
SUPERBIRD-B3
1 43271U 18033A   26223.74866733  .00000000  00000+0  00000+0 0  9999
2 43271   0.0229 100.2828 0001078  49.1476 242.3133  1.00269003 30619
HYLAS 4
1 43272U 18033B   26223.78134080 -.00000250  00000+0  00000+0 0  9995
2 43272   0.0630 269.7042 0000904 259.0011  39.3104  1.00271173 30623
IRNSS-1I
1 43286U 18035A   26223.65644997  .00000062  00000+0  00000+0 0  9991
2 43286  28.8811  73.3299 0018881 176.7209   1.4504  1.00272372 30634
USA 283
1 43339U 18036A   26221.50203074  .00000000  00000+0  00000+0 0  9992
2 43339   0.0223  91.3791 0000661 136.9827  44.4665  1.00269218 25825
COSMOS 2526
1 43432U 18037A   26223.74208062 -.00000362  00000+0  00000+0 0  9999
2 43432   0.0257 103.6135 0000478 164.7665  87.0109  1.00266552 30516
APSTAR-6C
1 43450U 18041A   26223.03037714 -.00000333  00000+0  00000+0 0  9998
2 43450   0.0527 291.8517 0001239 303.0809 229.5027  1.00268992 30369
BANGABANDHUSAT-1
1 43463U 18044A   26223.81151316 -.00000379  00000+0  00000+0 0  9996
2 43463   0.0169 112.7873 0002160  44.8232 213.8876  1.00269790 30269
SES-12
1 43488U 18049A   26223.89746250 -.00000286  00000+0  00000+0 0  9990
2 43488   0.0162  12.3860 0001169 229.0917 136.9465  1.00271517 29970
FENGYUN 2H
1 43491U 18050A   26223.84183225 -.00000146  00000+0  00000+0 0  9993
2 43491   3.1693  78.3899 0002520 148.4988 115.5592  1.00274537 29996
BEIDOU-2 IGSO-7
1 43539U 18057A   26222.24242074 -.00000154  00000+0  00000+0 0  9993
2 43539  55.2149 162.6066 0108263 237.2694 117.6205  1.00287215 29663
TELSTAR 19V
1 43562U 18059A   26223.56172288 -.00000296  00000+0  00000+0 0  9993
2 43562   0.0176 148.8171 0002429 356.6804 313.7359  1.00270287 29701
TELKOM 4 (MERAH PUTIH)
1 43587U 18064A   26223.87592507 -.00000361  00000+0  00000+0 0  9993
2 43587   0.0309 232.3053 0001279 298.5889 212.7552  1.00270816 29434
TELSTAR 18V
1 43611U 18069A   26223.57961479  .00000000  00000+0  00000+0 0  9990
2 43611   0.0140 111.8407 0001744  35.0495 159.8159  1.00268989 29198
AZERSPACE 2 (IS-38)
1 43632U 18074A   26223.84725132  .00000000  00000+0  00000+0 0  9993
2 43632   0.0273 100.7943 0001360  48.7788 160.8543  1.00269785 29004
HORIZONS-3E
1 43633U 18074B   26223.75014066 -.00000048  00000+0  00000+0 0  9994
2 43633   0.0476 255.7463 0000135  34.4184 109.0754  1.00267183 28894
AEHF-4 (USA 288)
1 43651U 18079A   26223.56094288 -.00000288  00000+0  00000+0 0  9998
2 43651   1.4146 355.8717 0068887   3.4764  94.8385  1.00269004 28856
BEIDOU-3 G1
1 43683U 18085A   26223.85510997 -.00000128  00000+0  00000+0 0  9995
2 43683   2.5299  95.8099 0006839  13.8695 318.4748  1.00269814 28614
GSAT-29
1 43698U 18089A   26223.79885977  .00000068  00000+0  00000+0 0  9993
2 43698   0.0349  93.8957 0002881  39.8359 169.1720  1.00269422 28344
ES'HAIL 2
1 43700U 18090A   26223.82162446  .00000127  00000+0  00000+0 0  9998
2 43700   0.0131  84.4861 0002438  94.5754 102.7580  1.00271366 28237
GEO-KOMPSAT-2A
1 43823U 18100A   26223.81333317  .00000000  00000+0  00000+0 0  9992
2 43823   0.0175 112.7303 0001769   6.9341 261.6699  1.00267214 28189
GSAT-11
1 43824U 18100B   26223.87462769 -.00000094  00000+0  00000+0 0  9997
2 43824   0.0642 268.8822 0007368 198.8040 241.4898  1.00271342 28034
GSAT-7A
1 43864U 18105A   26223.80041978  .00000010  00000+0  00000+0 0  9991
2 43864   0.0640 267.0341 0001345 228.3981 175.7435  1.00270696 28009
COSMOS 2533
1 43867U 18107A   26223.01772375 -.00000053  00000+0  00000+0 0  9999
2 43867   0.0230 122.5744 0000426 128.0079 145.2777  1.00269388 27996
TJS-3
1 43874U 18110A   26223.64023456 -.00000233  00000+0  00000+0 0  9999
2 43874   2.6829  79.7945 0003088 111.8931 147.1541  1.00272579 27970
ZHONGXING-2D
1 43920U 19001A   26223.81367985  .00000000  00000+0  00000+0 0  9999
2 43920   0.0113 244.5522 0000722  45.4720  93.1748  1.00267524 54639
HELLAS-SAT 4 & SGS-1
1 44034U 19007A   26223.84289397  .00000135  00000+0  00000+0 0  9994
2 44034   0.0624 126.6846 0006303  23.6973 152.3470  1.00277541 27923
GSAT-31
1 44035U 19007B   26223.79747310  .00000109  00000+0  00000+0 0  9994
2 44035   0.0911 267.3261 0002171 323.2467  64.6491  1.00267993 27527
NUSANTARA SATU
1 44048U 19009A   26223.68048130 -.00000252  00000+0  00000+0 0  9992
2 44048   0.0267 124.2601 0004343  10.0343 216.8005  1.00268956 27321
ZHONGXING-6C
1 44067U 19012A   26221.24760507 -.00000343  00000+0  00000+0 0  9997
2 44067   0.0578  65.2786 0014599 353.5839 118.4488  1.00272150 27271
WGS 10 (USA 291)
1 44071U 19014A   26223.81751295  .00000030  00000+0  00000+0 0  9995
2 44071   0.0127  96.7402 0000244 189.7239  28.3873  1.00271873 27172
TIANLIAN 2-01
1 44076U 19017A   26223.84544301 -.00000124  00000+0  00000+0 0  9999
2 44076   0.6787  82.8872 0002307 103.5596 155.2275  1.00271143 27204
ARABSAT-6A
1 44186U 19021A   26223.79400644  .00000136  00000+0  00000+0 0  9993
2 44186   0.0469 355.4051 0004693 256.2425  24.8892  1.00260459 26711
BEIDOU-3 IGSO-1
1 44204U 19023A   26223.38391306 -.00000196  00000+0  00000+0 0  9992
2 44204  58.7746  37.0834 0026534 223.2831 317.1622  1.00275174  7768
BEIDOU-2 G8
1 44231U 19027A   26223.81662652 -.00000264  00000+0  00000+0 0  9995
2 44231   1.7939  74.4278 0009254 280.5781  43.7996  1.00271811 26634
YAMAL 601
1 44307U 19031A   26223.79764644  .00000103  00000+0  00000+0 0  9996
2 44307   0.0137 107.9546 0002342  32.4597 155.9834  1.00270939 26480
AT&T T-16
1 44333U 19034A   26223.62550984 -.00000131  00000+0  00000+0 0  9992
2 44333   0.0168  89.0382 0000301 267.0436  88.3098  1.00268760 26189
EUTELSAT 7C
1 44334U 19034B   26223.78940082  .00000032  00000+0  00000+0 0  9991
2 44334   0.0768 180.1411 0003377 310.6721 120.6166  1.00273030  7394
BEIDOU-3 IGSO-2
1 44337U 19035A   26223.76721928 -.00000179  00000+0  00000+0 0  9992
2 44337  55.2508 158.3747 0039020 212.4590 344.8713  1.00283671 26220
COSMOS 2539
1 44457U 19048A   26223.00628369  .00000066  00000+0  00000+0 0  9995
2 44457   0.0231 113.2201 0000621  14.8304 205.6506  1.00270243 25775
EDRS-C
1 44475U 19049A   26223.81619318 -.00000279  00000+0  00000+0 0  9996
2 44475   0.0306 215.2613 0000827 297.8311 243.5062  1.00270424 25765
INTELSAT 39 (IS-39)
1 44476U 19049B   26223.85004277  .00000000  00000+0  00000+0 0  9994
2 44476   0.0224 104.7773 0000680 253.4488 330.0504  1.00269934 25682
AMOS-17
1 44479U 19050A   26223.77267236  .00000093  00000+0  00000+0 0  9998
2 44479   0.0231   4.1492 0001923 162.3091  88.9233  1.00273238 25740
AEHF-5 (USA 292)
1 44481U 19051A   26223.79875277 -.00000273  00000+0  00000+0 0  9995
2 44481   1.4125 340.6348 0064217 354.5809   5.6438  1.00274050 25819
EUTELSAT 5 WEST B
1 44624U 19067A   26223.78933646 -.00000059  00000+0  00000+0 0  9997
2 44624   0.1073 299.7245 0003140 205.2006  94.4667  1.00271758 24984
TJS-4
1 44637U 19070A   26223.02041043 -.00000184  00000+0  00000+0 0  9992
2 44637   0.0587 260.7526 0001480 346.1340 163.3864  1.00274167 25082
BEIDOU-3 IGSO-3
1 44709U 19073A   26223.55681330 -.00000159  00000+0  00000+0 0  9994
2 44709  54.7055 280.2960 0046829 197.0842 162.8861  1.00273941 25016
TIBA-1
1 44800U 19080A   26223.83956215  .00000139  00000+0  00000+0 0  9999
2 44800   0.0553  14.7986 0001939 137.2719 145.9378  1.00270815 24612
INMARSAT GX5
1 44801U 19080B   26223.83418889  .00000058  00000+0  00000+0 0  9990
2 44801   0.0420 347.7216 0002298 167.4360 116.4629  1.00272714  7340
JCSAT-18 (KACIFIC 1)
1 44868U 19091A   26223.74641397  .00000000  00000+0  00000+0 0  9994
2 44868   0.0120 260.6955 0000437   5.1295 113.1202  1.00269018 24568
ELEKTRO-L 3
1 44903U 19095A   26223.01893708 -.00000111  00000+0  00000+0 0  9997
2 44903   0.3922  82.4405 0001296  47.2138 272.6229  1.00270764 24254
SHIJIAN-20 (SJ-20)
1 44910U 19097A   26223.22573777  .00000130  00000+0  00000+0 0  9991
2 44910   5.0567  74.3649 0002606 180.6446 186.3254  1.00277346 24251
TJS-5
1 44978U 20002A   26223.81927484 -.00000359  00000+0  00000+0 0  9990
2 44978   0.1319  82.7893 0007680 339.6497 300.2582  1.00268833 24262
GSAT-30
1 45026U 20005A   26223.87081367 -.00000182  00000+0  00000+0 0  9999
2 45026   0.0332  92.7836 0002841  16.2771 247.7516  1.00271926 24063
EUTELSAT KONNECT
1 45027U 20005B   26223.78940082  .00000033  00000+0  00000+0 0  9992
2 45027   0.0639  98.8550 0001666 109.2136  43.5533  1.00272200 24894
JCSAT-17
1 45245U 20013A   26223.81463318 -.00000326  00000+0  00000+0 0  9995
2 45245   5.3939 357.3795 0003698 157.5004 234.6447  1.00269404 23795
GEO-KOMPSAT-2B
1 45246U 20013B   26223.81333317 -.00000361  00000+0  00000+0 0  9990
2 45246   0.0574 272.6253 0001374 309.9823 158.7084  1.00273101 23839
BEIDOU-3 G2
1 45344U 20017A   26223.84421407 -.00000157  00000+0  00000+0 0  9997
2 45344   2.9744  48.0471 0001549  92.5559 203.6584  1.00272096 23815
AEHF-6 (USA 298)
1 45465U 20022B   26223.74407397 -.00000313  00000+0  00000+0 0  9992
2 45465   2.4316 301.8998 0041766  13.0580  50.8412  1.00272119 23571
BEIDOU-3 G3
1 45807U 20040A   26223.88904031 -.00000371  00000+0  00000+0 0  9998
2 45807   2.5794  67.4569 0002180 293.2700  30.2132  1.00273717 22625
APSTAR-6D
1 45863U 20045A   26223.72635156 -.00000334  00000+0  00000+0 0  9996
2 45863   0.0420  95.5049 0002556 355.7548 264.4283  1.00271047 22411
KOREASAT 116
1 45920U 20048A   26223.81099316 -.00000379  00000+0  00000+0 0  9994
2 45920   0.0027 329.9139 0001107 197.2713 201.2306  1.00268965 22191
EXPRESS 103
1 45985U 20053A   26223.00893036  .00000000  00000+0  00000+0 0  9993
2 45985   0.0057 286.5503 0000313 336.7649 155.8766  1.00272074 22194
EXPRESS 80
1 45986U 20053B   26220.89512013  .00000000  00000+0  00000+0 0  9991
2 45986   0.0195 285.5580 0029529 208.7545 225.9300  0.99885609 22166
BSAT-4B
1 46112U 20056A   26223.81692412 -.00000367  00000+0  00000+0 0  9990
2 46112   0.0339 189.6927 0003980 311.6204 222.8728  1.00272725 21943
MEV-2
1 46113U 20056B   26223.78775416 -.00000028  00000+0  00000+0 0  9997
2 46113   0.0605 267.3462 0000421 333.4403   2.0408  1.00271769 81270
GALAXY 30 (G-30)
1 46114U 20056C   26223.69197990  .00000020  00000+0  00000+0 0  9994
2 46114   0.0146  81.3509 0002342  72.8354 290.0601  1.00272044 21848
GAOFEN-13 01
1 46610U 20071A   26223.55114341 -.00000379  00000+0  00000+0 0  9994
2 46610   0.3980  86.0801 0048706 118.9759  71.5947  1.00270468 21472
TIANTONG-1 2
1 46916U 20082A   26223.52766273 -.00000371  00000+0  00000+0 0  9991
2 46916   0.7323 336.0574 0000684 153.2595 145.5553  1.00274288 21204
LUCAS (JDRS-1)
1 47202U 20089A   26223.86781258 -.00000252  00000+0  00000+0 0  9992
2 47202   0.0587 273.1831 0001453 225.5106 224.8337  1.00270823 20976
SXM-7
1 47240U 20096A   26223.62862985 -.00000222  00000+0  00000+0 0  9990
2 47240   0.0159 110.6018 0003595   0.9655 349.6641  1.00270885  8000
CMS-01
1 47256U 20099A   26223.87081441 -.00000181  00000+0  00000+0 0  9991
2 47256   0.0593  89.7990 0004211 169.3174  97.6973  1.00271253 20750
TURKSAT 5A
1 47306U 21001A   26223.79409309  .00000137  00000+0  00000+0 0  9999
2 47306   0.0160  87.9178 0000183 166.4981  22.6223  1.00271356 20527
TIANTONG-1 3
1 47321U 21003A   26223.88269958 -.00000169  00000+0  00000+0 0  9998
2 47321   1.7198 342.7827 0003119 172.2430 204.6118  1.00270239 20526
TJS-6
1 47613U 21010A   26223.75196067  .00000026  00000+0  00000+0 0  9997
2 47613   0.1114 259.6547 0002880 258.7299 251.0195  1.00273202 20369
SBIRS GEO-5 (USA 315)
1 48618U 21042A   26223.89552492 -.00000279  00000+0  00000+0 0  9992
2 48618   5.0364 329.5411 0001580 186.0489 220.9420  1.00270928 19336
FENGYUN 4B
1 48808U 21047A   26223.91069019 -.00000346  00000+0  00000+0 0  9994
2 48808   0.2877  80.9213 0006758 270.7162  41.1991  1.00265915 19125
SXM-8
1 48838U 21049A   26223.55730287 -.00000221  00000+0  00000+0 0  9993
2 48838   0.0157  57.1178 0005744 336.2734  42.1024  1.00270682 19136
TIANLIAN 1-05
1 49011U 21063A   26218.02405949  .00000113  00000+0  00000+0 0  9992
2 49011   1.7166  80.2388 0002050 114.8925 144.9005  1.00273020 18573
STAR ONE D2
1 49055U 21069A   26223.62806068 -.00000281  00000+0  00000+0 0  9992
2 49055   0.0135  89.0810 0002512  69.1097 317.9803  1.00271336 18500
EUTELSAT QUANTUM
1 49056U 21069B   26223.79738645  .00000109  00000+0  00000+0 0  9994
2 49056   0.0189 342.5301 0002166 163.4036 149.0506  1.00271553 18480
ZHONGXING-2E
1 49062U 21071A   26223.66485667 -.00000307  00000+0  00000+0 0  9994
2 49062   0.0694 272.3925 0000837 255.9076 129.1805  1.00266853 18594
TJS-7
1 49115U 21077A   26223.62576984 -.00000141  00000+0  00000+0 0  9994
2 49115   0.2170 263.0559 0002342 108.0618  74.8098  1.00271106 10103
CHINASAT 9B
1 49125U 21080A   26223.90362491 -.00000329  00000+0  00000+0 0  9994
2 49125   0.0619 264.0804 0002751 262.2433 220.7362  1.00269153 18200
SHIJIAN-21 (SJ-21)
1 49330U 21094A   26223.72919736 -.00000366  00000+0  00000+0 0  9998
2 49330   5.2407  60.8160 0052322 169.4545 120.2830  1.00263883  5910
SES-17
1 49332U 21095A   26223.77458078 -.00000289  00000+0  00000+0 0  9997
2 49332   0.0235  57.9084 0000952  90.9424  23.1168  1.00268993 18413
SYRACUSE 4A
1 49333U 21095B   26223.84725116  .00000000  00000+0  00000+0 0  9996
2 49333   0.0242 109.9280 0001466  34.1869 166.7068  1.00265529 18507
QZS-1R (MICHIBIKI-1R)
1 49336U 21096A   26223.49285862 -.00000288  00000+0  00000+0 0  9999
2 49336  37.5751  78.7651 0740908 269.3604 281.0008  1.00299008 17564
ZHONGXING-1D
1 49505U 21114A   26222.74456038 -.00000350  00000+0  00000+0 0  9990
2 49505   0.0465 268.4670 0001109  23.0473  65.9213  1.00269267 17369
STPSAT-6
1 49817U 21118A   26223.62334316 -.00000061  00000+0  00000+0 0  9991
2 49817   0.4590  84.8176 0000929 221.7640 126.0259  1.00270894 17122
EXPRESS AMU-7
1 50001U 21123A   26223.81662652 -.00000259  00000+0  00000+0 0  9991
2 50001   0.0515 265.3588 0000375  60.4437  73.4377  1.00272700 17092
EXPRESS AMU-3
1 50002U 21123B   26220.83271065  .00000000  00000+0  00000+0 0  9998
2 50002   0.0025 116.9863 0000227 316.9635 286.0527  1.00270107  7560
TIANLIAN 2-02
1 50005U 21124A   26223.75057399 -.00000031  00000+0  00000+0 0  9993
2 50005   0.9404  85.2161 0002459 149.3258 166.8601  1.00271643 17172
TURKSAT 5B
1 50212U 21126A   26223.84510873  .00000129  00000+0  00000+0 0  9993
2 50212   0.0756 329.5822 0001714   2.7610 334.1678  1.00271723 16855
INMARSAT 6-F1
1 50319U 21128A   26223.88259211 -.00000189  00000+0  00000+0 0  9990
2 50319   0.0160  85.6906 0000089 252.9065  23.2256  1.00271349 16810
SHIYAN-12 01 (SY-12 01)
1 50321U 21129A   26223.73818654  .00000112  00000+0  00000+0 0  9995
2 50321   3.8133  79.1423 0000467 153.1981  11.0971  1.00448889 17056
SHIYAN-12 02 (SY-12 02)
1 50322U 21129B   26223.73637698 -.00000333  00000+0  00000+0 0  9999
2 50322   3.8118  79.1375 0003353  81.5377 194.6571  1.00462347 17055
TJS-9
1 50574U 21135A   26223.74663361 -.00000316  00000+0  00000+0 0  9993
2 50574   0.0791 263.0554 0004871 104.4195 358.7502  1.00269702 16980
GOES 18
1 51850U 22021A   26223.76088737  .00000080  00000+0  00000+0 0  9993
2 51850   0.0062  66.4854 0000531 144.0370 246.6027  1.00271314  7159
ZHONGXING-6D
1 52255U 22038A   26222.76569525 -.00000368  00000+0  00000+0 0  9999
2 52255   0.0564 249.2168 0001320 317.8971 152.8624  1.00272974 15972
NILESAT 301
1 52817U 22061A   26223.79489155 -.00000075  00000+0  00000+0 0  9998
2 52817   0.0521 345.0041 0002465 110.9543 143.3897  1.00272094 15297
CMS-02 (GSAT-24)
1 52903U 22067A   26223.87081453 -.00000182  00000+0  00000+0 0  9997
2 52903   0.0124 102.3999 0000944 165.9686  88.4524  1.00271633 15166
MEASAT 3D
1 52904U 22067B   26223.89287977  .00000000  00000+0  00000+0 0  9997
2 52904   0.0216 331.8928 0000308 276.5829 124.8403  1.00269143 15201
SES-22
1 52933U 22071A   26223.68920654  .00000000  00000+0  00000+0 0  9997
2 52933   0.0159 100.0678 0000898  39.9456 289.2394  1.00270705  8076
WFOV (USA 332)
1 52940U 22073A   26223.68340521 -.00000380  00000+0  00000+0 0  9998
2 52940   3.8485  77.8020 0002666 167.3801  80.2621  1.00275260 14928
TIANLIAN 2-03
1 53100U 22078A   26223.73366399  .00000055  00000+0  00000+0 0  9997
2 53100   0.8082  77.7244 0000750  77.6887  79.4824  1.00272735 15103
SBIRS GEO-6 (USA 336)
1 53355U 22092A   26223.81549985 -.00000305  00000+0  00000+0 0  9997
2 53355   3.1681 318.4248 0001696 187.5514 246.8660  1.00270687 14799
EUTELSAT KONNECT VHTS
1 53765U 22110A   26223.78853417  .00000000  00000+0  00000+0 0  9998
2 53765   0.0554 101.0616 0002706  13.6996 132.0330  1.00269697  7397
ZHONGXING-1E
1 53813U 22112A   26223.88269955 -.00000166  00000+0  00000+0 0  9997
2 53813   0.0583 267.1704 0001626 357.5273  94.8159  1.00272603 14408
SES-20
1 53960U 22123A   26223.64992220 -.00000119  00000+0  00000+0 0  9992
2 53960   0.0132  80.9734 0001193  42.7396 327.2581  1.00281715 14094
SES-21
1 53961U 22123B   26223.69085322  .00000053  00000+0  00000+0 0  9990
2 53961   0.0241  39.6958 0000983  95.5741 302.5785  1.00269572  7766
GALAXY 33 (G-33)
1 54026U 22128A   26223.69041987  .00000063  00000+0  00000+0 0  9998
2 54026   0.0157  72.9169 0001698  75.7453 287.0300  1.00270578 14297
GALAXY 34 (G-34)
1 54027U 22128B   26223.69119987  .00000000  00000+0  00000+0 0  9996
2 54027   0.0238  91.4895 0001696  70.8291 277.6744  1.00275836 14462
ANGOSAT 2
1 54033U 22131A   26223.74250142  .00000119  00000+0  00000+0 0  9993
2 54033   0.0106 135.3850 0000652 132.9142 342.1873  1.00271871 14037
EUTELSAT HOTBIRD 13F
1 54048U 22134A   26223.83529154  .00000072  00000+0  00000+0 0  9992
2 54048   0.0595 281.9064 0002466  93.1393 258.9507  1.00286621 13936
LDPE-2
1 54219U 22144A   26223.75438735 -.00000021  00000+0  00000+0 0  9993
2 54219   5.7294  63.0765 0001464 100.5158 258.5571  0.99590691 12398
EUTELSAT HOTBIRD 13G
1 54225U 22146A   26223.83529075  .00000070  00000+0  00000+0 0  9992
2 54225   0.0538 247.7243 0002158 294.8267  91.4351  1.00271290  8024
ZHONGXING-19
1 54230U 22148A   26223.74901399 -.00000099  00000+0  00000+0 0  9995
2 54230   0.0423 259.4743 0003707 260.4862 233.0554  1.00270981 13930
GALAXY 31 (G-31)
1 54243U 22153A   26223.62152315 -.00000003  00000+0  00000+0 0  9993
2 54243   0.0122 102.0693 0001166  47.2964 273.4498  1.00271011  7683
GALAXY 32 (G-32)
1 54244U 22153B   26223.55617619  .00000000  00000+0  00000+0 0  9995
2 54244   0.0272  86.9016 0000847 326.0164  16.3301  1.00268775 13692
EUTELSAT 10B
1 54259U 22157A   26223.78992082  .00000051  00000+0  00000+0 0  9996
2 54259   0.0555  98.5291 0001271 353.5580 162.5549  1.00269641 13584
GALAXY 35 (G-35)
1 54741U 22170A   26223.55574286 -.00000178  00000+0  00000+0 0  9995
2 54741   0.0140 109.6143 0001816  35.6563 281.6980  1.00270279 13440
GALAXY 36 (G-36)
1 54742U 22170B   26223.62784985 -.00000201  00000+0  00000+0 0  9990
2 54742   0.0314 209.2072 0002201 266.1163 341.7833  1.00270389 13333
METEOSAT-12 (MTG-I1)
1 54743U 22170C   26223.78792749 -.00000025  00000+0  00000+0 0  9999
2 54743   0.7557  24.0172 0003596  86.2308 133.2190  1.00272527 13532
SHIJIAN-23 (SJ-23)
1 55131U 23002A   26223.71373581 -.00000337  00000+0  00000+0 0  9994
2 55131   3.8555  77.5952 0002631 239.6494   8.6505  1.00040443 13067
APSTAR-6E
1 55239U 23005A   26218.53949356 -.00000313  00000+0  00000+0 0  9993
2 55239   0.0536 255.5626 0003360 300.8519  86.8897  1.00272087 19192
USA 342
1 55263U 23008A   26221.22645830  .00000000  00000+0  00000+0 0  9995
2 55263   0.0040 106.2202 0000357 340.6604 336.3091  1.00270738 13049
ELEKTRO-L 4
1 55506U 23016A   26222.65308878 -.00000072  00000+0  00000+0 0  9990
2 55506   0.0588 289.6332 0001983 249.1604 181.1906  1.00272023 12875
AMAZONAS NEXUS
1 55508U 23017A   26223.56206955 -.00000299  00000+0  00000+0 0  9998
2 55508   0.0340  46.8881 0003580  59.3849 355.0901  1.00269418  7608
ZHONGXING-26
1 55686U 23023A   26219.89210432 -.00000355  00000+0  00000+0 0  9991
2 55686   0.0614  74.0231 0002617  38.0753 290.5194  1.00268946 12742
LUCH-5X (OLYMP-K 2)
1 55841U 23031A   26223.51512329  .00000018  00000+0  00000+0 0  9992
2 55841   0.0230  93.7589 0001715 195.2186 278.4037  1.00267230 12495
GAOFEN-13 02
1 55912U 23036A   26222.61294675 -.00000233  00000+0  00000+0 0  9997
2 55912   0.9826   7.8880 0003925 311.8997   8.0932  1.00266614 12637
SES-18
1 55970U 23038A   26223.62507649 -.00000117  00000+0  00000+0 0  9994
2 55970   0.0638 270.4149 0001533 304.2257 227.3609  1.00270957 12651
SES-19
1 55971U 23038B   26223.69007322  .00000071  00000+0  00000+0 0  9993
2 55971   0.0124 335.5983 0001444 168.7426 289.3107  1.00272803 12645
INTELSAT 40E (IS-40E)
1 56174U 23052A   26223.62741652 -.00000191  00000+0  00000+0 0  9993
2 56174   0.0140 119.5035 0002463  45.4417 290.0064  1.00270978 12383
VIASAT-3 F1
1 56370U 23060A   26223.62784985 -.00000202  00000+0  00000+0 0  9999
2 56370   0.0108  94.4796 0000773  57.9774 304.7667  1.00271573 11996
ARCTURUS
1 56371U 23060B   26213.97420525 -.00000340  00000+0  00000+0 0  9997
2 56371   2.8884  79.3612 0001902 134.4241 206.9075  1.00585493 11919
GS-1
1 56372U 23060C   26223.75265375 -.00000230  00000+0  00000+0 0  9993
2 56372   2.8636  79.1485 0003046 277.1060 323.3413  1.00259237  8095
BEIDOU-3 G4
1 56564U 23066A   26216.11046576 -.00000272  00000+0  00000+0 0  9990
2 56564   0.4484 344.3279 0005163 192.3693 315.7807  1.00274651 11872
ARABSAT-7B (BADR-8)
1 56757U 23075A   26223.82162461  .00000128  00000+0  00000+0 0  9991
2 56757   0.0750  30.4027 0002616   1.8336 249.8264  1.00274680 11674
NVS-01 (IRNSS-1J)
1 56759U 23076A   26223.81350652 -.00000355  00000+0  00000+0 0  9997
2 56759   2.0393 241.8254 0003843  13.2103 127.4891  1.00264607 11678
NUSANTARA TIGA (SATRIA)
1 57045U 23086A   26223.68054948 -.00000252  00000+0  00000+0 0  9997
2 57045   0.0391  20.3929 0001855 293.3744  37.3609  1.00267798 10315
H2SAT (HEINRICH HERTZ)
1 57213U 23093A   26223.78810081 -.00000015  00000+0  00000+0 0  9998
2 57213   0.0120  41.3140 0000928 350.7937 212.5602  1.00270746 11477
SYRACUSE 4B
1 57214U 23093B   26223.78933646  .00000000  00000+0  00000+0 0  9995
2 57214   0.0287 104.3551 0000306 145.0476 348.5634  1.00270478  7529
JUPITER 3 (ECHOSTAR 24)
1 57479U 23108A   26223.37595095 -.00000166  00000+0  00000+0 0  9996
2 57479   0.0145  84.4133 0001119  50.6809 224.8967  1.00271186 11193
GALAXY 37 (G-37)
1 57493U 23112A   26223.69163323  .00000000  00000+0  00000+0 0  9993
2 57493   0.0156 116.4230 0001861  39.7905 285.9346  1.00271537 11092
LUDI TANCE-4 01A
1 57624U 23120A   26223.89925047 -.00000204  00000+0  00000+0 0  9996
2 57624  15.0700 192.5989 0002741  24.3756 156.8254  1.00270272 11108
TJS-10
1 58204U 23169A   26223.75503447 -.00000267  00000+0  00000+0 0  9994
2 58204   2.6827  79.7966 0004331 122.5824 122.0595  1.00273365 10096
ZHONGXING-6E
1 58253U 23172A   26224.02472326 -.00000379  00000+0  00000+0 0  9998
2 58253   0.0117 104.6458 0002709  29.1733 311.0751  1.00272380 10210
YAOGAN-41
1 58582U 23197A   26223.81229318 -.00000376  00000+0  00000+0 0  9994
2 58582   3.0315 314.0421 0013578 205.9717 215.8220  1.00273703  9880
OVZON-3
1 58698U 24003A   26223.81751203  .00000035  00000+0  00000+0 0  9993
2 58698   0.0196 170.4588 0000357 195.8088 308.0060  1.00270656  8003
INSAT-3DS
1 58990U 24033A   26223.80423314 -.00000174  00000+0  00000+0 0  9994
2 58990   0.1166 264.1472 0001197 253.3734 174.3119  1.00278486 47629
MERAH PUTIH 2
1 58995U 24035A   26223.73976174 -.00000374  00000+0  00000+0 0  9992
2 58995   0.0378 252.7518 0000748 244.2482 202.4553  1.00270410  9141
TJS-11
1 59020U 24037A   26223.90905758 -.00000375  00000+0  00000+0 0  9994
2 59020   4.1291 327.7822 0001636 219.0332 213.2948  1.00270215  9143
HULIANWAN GAOGUI-01 (H*)
1 59069U 24040A   26223.80011073  .00000139  00000+0  00000+0 0  9995
2 59069   0.0826 335.6751 0001147  58.8875 247.3446  1.00270400  7888
EUTELSAT 36D
1 59346U 24059A   26223.84067494  .00000139  00000+0  00000+0 0  9995
2 59346   0.0168  98.7472 0000234 170.3105  29.7431  1.00270962  8705
PAKSAT-MM1
1 59915U 24104A   26223.84178661  .00000137  00000+0  00000+0 0  9995
2 59915   0.0379 218.6757 0002105 284.4401 158.4278  1.00268984  8086
ASTRA 1P (SES-24)
1 60086U 24115A   26223.74029366  .00000104  00000+0  00000+0 0  9998
2 60086   0.0745 315.7325 0001412 256.0912  34.0786  1.00275715  7752
GOES 19
1 60133U 24119A   26223.77310742  .00000000  00000+0  00000+0 0  9994
2 60133   0.0200  92.1186 0000501 148.1776 283.0732  1.00268970  7526
ZHONGXING-3A
1 60179U 24122A   26223.90563450 -.00000330  00000+0  00000+0 0  9996
2 60179   0.0129  99.2629 0002007  96.4019 192.2794  1.00267904  7866
TURKSAT 6A
1 60233U 24127A   26223.84510852  .00000129  00000+0  00000+0 0  9998
2 60233   0.0535 246.7922 0003789 296.0720 123.6400  1.00271154  7570
HULIANWAN GAOGUI-02 (H*)
1 60327U 24135A   26222.67783631 -.00000187  00000+0  00000+0 0  9993
2 60327   0.0571 349.6885 0005390  13.6587 352.9583  1.00269232  8034
ZHONGXING-4A
1 60606U 24151A   26223.81133984 -.00000379  00000+0  00000+0 0  9991
2 60606   1.1748 270.2440 0000834 348.5162 111.7812  1.00268397  7312
HULIANWAN GAOGUI-03 (H*)
1 61503U 24181A   26223.88993424 -.00000258  00000+0  00000+0 0  9997
2 61503   0.0626 356.8139 0000909  98.4460 108.3340  1.00271925  7389
DSN-3 (KIRAMEKI-3)
1 61733U 24198A   26223.81645318  .00000000  00000+0  00000+0 0  9993
2 61733   0.0203 115.9783 0001225  27.4137 254.8717  1.00267808  6478
KOREASAT 6A
1 61910U 24206A   26223.81090649 -.00000379  00000+0  00000+0 0  9991
2 61910   0.0175 177.3545 0000676 337.0790 213.7640  1.00270191  6394
OPTUS-X (ADS-01)
1 62006U 24212A   26223.74762730 -.00000160  00000+0  00000+0 0  9992
2 62006   0.0033  54.7816 0002256  89.2119 241.7555  1.00271311  6313
GSAT-N2 (GSAT-20)
1 62028U 24214A   26223.73022837 -.00000035  00000+0  00000+0 0  9995
2 62028   0.0874 264.9027 0002097 124.6386 261.5216  1.00266104  6455
SXM-9
1 62259U 24234A   26223.62862985 -.00000221  00000+0  00000+0 0  9994
2 62259   0.0234 342.1516 0004776 335.5848 143.4856  1.00270168  6133
TJS-12
1 62374U 24246A   26223.63030965 -.00000248  00000+0  00000+0 0  9990
2 62374   0.5575 305.6912 0001453 115.1044 272.7356  1.00269357  6125
NUVIEW ALPHA
1 62455U 24252B   26223.55773622 -.00000232  00000+0  00000+0 0  9995
2 62455   0.0422   6.8614 0000583  92.4687 338.3565  1.00272586  4377
AGILA
1 62456U 24252C   26223.74667397 -.00000198  00000+0  00000+0 0  9999
2 62456   0.0643 252.3653 0001334 258.9342 229.8680  1.00271787  5719
NUVIEW BRAVO
1 62457U 24252D   26223.48949060 -.00000231  00000+0  00000+0 0  9999
2 62457   0.0664 178.3334 0001623 348.6000 246.1169  1.00271453  4347
THURAYA-4
1 62483U 25001A   26223.76155980  .00000123  00000+0  00000+0 0  9991
2 62483   0.0175  89.2208 0000187 294.7200 254.7285  1.00271831  4737
SHIJIAN-25 (SJ-25)
1 62485U 25002A   26223.72929461 -.00000367  00000+0  00000+0 0  9994
2 62485   5.2416  60.7919 0050092 178.3743 110.8054  1.00275221  5910
TJS-14
1 62804U 25017A   26223.79139417  .00000098  00000+0  00000+0 0  9996
2 62804   0.6633 300.3151 0002748 312.4023  10.7955  1.00269756  5827
SPAINSAT NG I
1 62852U 25021A   26223.79374644  .00000000  00000+0  00000+0 0  9990
2 62852   0.0262  94.4181 0000136 268.1716 272.4108  1.00270020  4542
QZS-6 (MICHIBIKI-6)
1 62876U 25023A   26223.86781249  .00000000  00000+0  00000+0 0  9999
2 62876   0.0172 275.7215 0001890 240.1465 207.4013  1.00269132  5501
ZHONGXING-10R
1 63075U 25036A   26223.81785468 -.00000369  00000+0  00000+0 0  9996
2 63075   0.0354 222.2824 0004212 300.2110 202.7268  1.00272542  5514
TJS-15
1 63157U 25045A   26223.73542838 -.00000282  00000+0  00000+0 0  9994
2 63157   0.3473  85.4561 0002156 266.2031 327.6739  1.00273523  5313
TIANLIAN 2-04
1 63361U 25062A   26223.80388647 -.00000151  00000+0  00000+0 0  9999
2 63361   4.2362 273.6536 0032054   8.3261  47.6925  1.00270216  5168
TJS-16
1 63397U 25064A   26223.76647683 -.00000123  00000+0  00000+0 0  9992
2 63397   1.2367  81.0502 0001716 278.8668  36.7975  1.00270311  4944
TJS-17
1 63524U 25073A   26223.67802648 -.00000087  00000+0  00000+0 0  9997
2 63524   1.2025  82.1619 0000176 234.1342  52.4431  1.00271973  4847
TIANLIAN 2-05
1 63662U 25084A   26223.74009343  .00000109  00000+0  00000+0 0  9995
2 63662   4.3147 279.2148 0001862 174.0916 153.7131  1.00272708  4936
TJS-19
1 63924U 25097A   26223.74459397 -.00000289  00000+0  00000+0 0  9998
2 63924   3.1972 318.3730 0005228 262.6348 148.3749  1.00275429  4708
CHINASAT 3B
1 64062U 25106A   26223.74970733  .00000000  00000+0  00000+0 0  9995
2 64062   0.0217 125.7444 0001805  15.7052 255.9051  1.00269234  4616
SXM-10
1 64290U 25122A   26223.69371323 -.00000033  00000+0  00000+0 0  9997
2 64290   0.0157  51.0131 0001689 304.3328  98.3707  1.00270117  4247
COSMOS 2589
1 64467U 25131A   26223.73201309 -.00000362  00000+0  00000+0 0  9999
2 64467   0.0732  97.0257 0001190 292.6390 299.9248  1.00375084  4110
CHINASAT 9C
1 64470U 25132A   26223.89287964 -.00000264  00000+0  00000+0 0  9993
2 64470   0.0272 212.2343 0003368 288.3928 233.3440  1.00269149  4703
MTG-S1
1 64723U 25143A   26223.78792749 -.00000024  00000+0  00000+0 0  9990
2 64723   0.6078 341.3382 0003448 257.1348   5.0510  1.00269863  3973
DROR 1
1 64784U 25148A   26223.78714749 -.00000051  00000+0  00000+0 0  9996
2 64784   0.0085 259.4008 0000960 141.2261 198.9514  1.00271478  3857
SHIYAN-29
1 65486U 25196A   26223.78207530 -.00000282  00000+0  00000+0 0  9990
2 65486  28.8809  17.8353 0013908 179.9504 139.1560  1.00267557  3437
NUSANTARA LIMA (NUSANT*)
1 65588U 25205A   26223.81029984  .00000000  00000+0  00000+0 0  9990
2 65588   0.0165 111.6015 0000419 109.6054 143.6110  1.00269634  3279
TJS-20
1 66142U 25238A   26223.80033313  .00000011  00000+0  00000+0 0  9995
2 66142   5.3490 299.3411 0003898 214.6199 156.8567  1.00274733  2895
CMS-03 (GSAT-7R)
1 66311U 25249B   26223.87462770  .00000000  00000+0  00000+0 0  9993
2 66311   0.0141 213.4151 0001638 271.1987 224.5579  1.00269561  2900
VIASAT-3 F2
1 66454U 25261A   26223.55851622  .00000000  00000+0  00000+0 0  9998
2 66454   0.0086 247.8138 0000874 350.7637 203.5564  1.00268013  3340
SHIJIAN-28 (SJ-28)
1 66549U 25277A   26223.68096174 -.00000377  00000+0  00000+0 0  9995
2 66549   4.3991 271.2616 0001317  57.3831 353.4541  1.00274175  2714
TJS-22
1 66990U 25290A   26223.82128529 -.00000023  00000+0  00000+0 0  9994
2 66990   1.3972 287.4364 0003599 318.2000  76.7725  1.00272740  2580
TJS-23
1 67226U 25306A   26223.44979125  .00000005  00000+0  00000+0 0  9998
2 67226   5.4657 297.2048 0004802 217.4988 142.6202  1.00273908  2444
FENGYUN 4C
1 67246U 25312A   26222.95892542 -.00000338  00000+0  00000+0 0  9999
2 67246   0.0066 145.4007 0000707  99.5173 192.7104  1.00270421  2416
SHIJIAN-29A (SJ-29A)
1 67302U 25315A   26223.73126837 -.00000087  00000+0  00000+0 0  9990
2 67302   3.5342  93.7669 0005634  65.5826 137.4103  1.00272912  2170
SHIJIAN-29B (SJ-29B)
1 67403U 25315C   26223.73126837 -.00000088  00000+0  00000+0 0  9993
2 67403   3.5331  93.7617 0005926  71.4111 131.6240  1.00272494  2241
ELEKTRO-L 5
1 67756U 26028A   26222.90148909 -.00000112  00000+0  00000+0 0  9996
2 67756   0.1816 342.4025 0002351 167.8056 209.7886  1.00271466  1809
JAM-E JAM 1
1 67757U 26028B   26223.80002014  .00000139  00000+0  00000+0 0  9991
2 67757   0.1673 329.3250 0001456 254.4591  58.5238  1.00277547  1679
ECHOSTAR 25
1 68126U 26045A   26223.69492656  .00000000  00000+0  00000+0 0  9990
2 68126   0.0269 114.4101 0001676  20.0753 325.8625  1.00269448  1557
TJS-24
1 69235U 26116A   26223.89638309 -.00000248  00000+0  00000+0 0  9995
2 69235   0.1476  91.6792 0000710 137.3195 144.3432  1.00272537   789
O3B FM5
1 39188U 13031A   26223.60954285 -.00000026  00000+0  00000+0 0  9998
2 39188   0.0908 327.0192 0002653 159.1573 233.8444  5.00115628239818
O3B FM4
1 39189U 13031B   26219.93106785 -.00000017  00000+0  00000+0 0  9994
2 39189   0.0430 349.4566 0004698 125.2427 245.3485  5.00114889239636
O3B FM2
1 39190U 13031C   26223.59453963 -.00000026  00000+0  00000+0 0  9996
2 39190   0.0341 349.2177 0002639 147.8413 222.9579  5.00116030239874
O3B PFM
1 39191U 13031D   26223.60866252 -.00000026  00000+0  00000+0 0  9998
2 39191   0.0651 341.7576 0005138 141.0005 237.2879  5.00115995239443
O3B FM3
1 40079U 14038A   26223.67536716 -.00000026  00000+0  00000+0 0  9999
2 40079   0.0482 352.1350 0003092 197.4067 170.4487  5.00115724215816
O3B FM7
1 40080U 14038B   26222.62204827 -.00000024  00000+0  00000+0 0  9998
2 40080   0.0438 344.4758 0003305 119.4221 256.1357  5.00115632220607
O3B FM6
1 40081U 14038C   26222.84890303 -.00000024  00000+0  00000+0 0  9993
2 40081   0.0461 349.8037 0002565 149.8434 220.3686  5.00115770220569
O3B FM8
1 40082U 14038D   26223.50179079 -.00000026  00000+0  00000+0 0  9990
2 40082   0.0454 348.6544 0002757 152.3706 218.9913  5.00116098220702
O3B FM10
1 40348U 14083A   26223.72896906 -.00000026  00000+0  00000+0 0  9994
2 40348   0.0429 333.9778 0002816 157.1975 228.8452  5.00115711212667
O3B FM11
1 40349U 14083B   26223.54172983 -.00000026  00000+0  00000+0 0  9997
2 40349   0.0551 348.7805 0002374 135.5614 235.6770  5.00115494212676
O3B FM12
1 40350U 14083C   26223.56869497 -.00000026  00000+0  00000+0 0  9994
2 40350   0.0542 349.3605 0002454 148.5554 222.0993  5.00115944212698
O3B FM9
1 40351U 14083D   26223.59551679 -.00000026  00000+0  00000+0 0  9998
2 40351   0.0556 347.7253 0002632 150.6450 221.6461  5.00116022212842
O3B FM15
1 43231U 18024A   26223.66234715 -.00000026  00000+0  00000+0 0  9994
2 43231   0.0546 357.5162 0002569 143.2675 219.2312  5.00115807153803
O3B FM16
1 43232U 18024B   26223.51476870 -.00000026  00000+0  00000+0 0  9999
2 43232   0.0561   1.5346 0002581 137.0719 221.4094  5.00115996153716
O3B FM14
1 43233U 18024C   26223.55559770 -.00000026  00000+0  00000+0 0  9995
2 43233   0.0552   2.7928 0002848 136.1854 221.0396  5.00115774153728
O3B FM13
1 43234U 18024D   26222.62203548 -.00000024  00000+0  00000+0 0  9990
2 43234   0.0563 330.4788 0001853 112.1088 277.4303  5.00115621153784
O3B FM20
1 44112U 19020A   26223.18188966 -.00000025  00000+0  00000+0 0  9992
2 44112   0.0537 353.9748 0002329 146.2945 219.7443  5.00115539134327
O3B FM19
1 44113U 19020B   26223.60865307 -.00000026  00000+0  00000+0 0  9992
2 44113   0.0778 334.8377 0003232 144.0357 241.1554  5.00115973134210
O3B FM17
1 44114U 19020C   26223.48896587 -.00000026  00000+0  00000+0 0  9993
2 44114   0.0416  13.0932 0002555 127.2871 219.6348  5.00115649134293
O3B FM18
1 44115U 19020D   26223.63521338 -.00000026  00000+0  00000+0 0  9990
2 44115   0.0541 353.6999 0002740 147.2284 219.0879  5.00115338134428
O3B MPOWER F1
1 54755U 22174A   26223.66312331 -.00000026  00000+0  00000+0 0  9999
2 54755   0.0467 338.3744 0006790 170.4845 121.2070  5.00114554 68134
O3B MPOWER F2
1 54756U 22174B   26223.47989486 -.00000026  00000+0  00000+0 0  9990
2 54756   0.0428 340.3326 0005669 154.1239 225.5863  5.00114714 68216
O3B MPOWER F4
1 56367U 23059A   26223.74398437 -.00000026  00000+0  00000+0 0  9993
2 56367   0.0624 345.7792 0007747 155.1476 219.1255  5.00115207 61375
O3B MPOWER F3
1 56368U 23059B   26223.57719865 -.00000026  00000+0  00000+0 0  9997
2 56368   0.0630 344.8764 0006576 151.4911 223.6809  5.00113715 57501
O3B MPOWER F5
1 58346U 23175A   26223.67819598 -.00000026  00000+0  00000+0 0  9999
2 58346   0.0562   6.3037 0005821 151.8516 201.8660  5.00115712 52207
O3B MPOWER F6
1 58347U 23175B   26223.57879272 -.00000026  00000+0  00000+0 0  9994
2 58347   0.0561 358.1842 0004426 143.9512 217.8921  5.00115582 51129
O3B MPOWER F7
1 62362U 24244A   26223.64521054 -.00000026  00000+0  00000+0 0  9994
2 62362   0.0637 338.1362 0005826 157.5894 224.3174  5.00115356 29306
O3B MPOWER F8
1 62363U 24244B   26223.61218375 -.00000026  00000+0  00000+0 0  9991
2 62363   0.0202  27.4577 0005501 101.6126 230.9750  5.00114883 23647
O3B MPOWER F9
1 64866U 25153A   26223.74541646 -.00000026  00000+0  00000+0 0  9995
2 64866   0.0642   1.1141 0007017 155.0269 203.8880  5.00115506 22337
O3B MPOWER F10
1 64867U 25153B   26223.51162459 -.00000026  00000+0  00000+0 0  9992
2 64867   0.0607 358.5499 0003228 254.2133 107.1979  5.00114858 24804
IRIDIUM 106
1 41917U 17003A   26223.63123096  .00000063  00000+0  15271-4 0  9996
2 41917  86.3914  65.3623 0002512  86.7493 273.3990 14.34217734501158
IRIDIUM 103
1 41918U 17003B   26223.61854144  .00000088  00000+0  24517-4 0  9990
2 41918  86.3914  65.2672 0002178  93.1786 266.9659 14.34217405501174
IRIDIUM 109
1 41919U 17003C   26223.62488819  .00000075  00000+0  19640-4 0  9991
2 41919  86.3917  65.3251 0002165  89.5596 270.5848 14.34217368501142
IRIDIUM 102
1 41920U 17003D   26223.80247983  .00000058  00000+0  13682-4 0  9999
2 41920  86.3913  65.1729 0002190  87.0929 273.0517 14.34217756501253
IRIDIUM 105
1 41921U 17003E   26223.83084528  .00000033  00000+0  47364-5 0  9995
2 41921  86.3952  33.5921 0001909  92.6626 267.4788 14.34217663503114
IRIDIUM 104
1 41922U 17003F   26223.60587537  .00000060  00000+0  14521-4 0  9997
2 41922  86.3914  65.2987 0001954  94.2972 265.8447 14.34218065501219
IRIDIUM 114
1 41923U 17003G   26223.61219852  .00000062  00000+0  14934-4 0  9991
2 41923  86.3915  65.2791 0002146  90.7940 269.3502 14.34217541501190
IRIDIUM 108
1 41924U 17003H   26223.84979480  .00000016  00000+0 -14679-5 0  9994
2 41924  86.3944  33.4709 0002001  89.4046 270.7379 14.34217804503081
IRIDIUM 112
1 41925U 17003J   26223.59951742  .00000040  00000+0  72383-5 0  9990
2 41925  86.3910  65.1237 0002096  89.0529 271.0907 14.34217534501213
IRIDIUM 111
1 41926U 17003K   26223.58683191  .00000039  00000+0  69167-5 0  9994
2 41926  86.3913  65.2010 0002197  89.2990 270.8457 14.34217690501190
IRIDIUM 113
1 42803U 17039A   26223.70633325  .00000088  00000+0  24219-4 0  9998
2 42803  86.3977 298.9789 0002191  96.9870 263.1575 14.34218113479145
IRIDIUM 123
1 42804U 17039B   26223.81758111  .00000026  00000+0  20432-5 0  9998
2 42804  86.4014 330.3919 0002369  96.0036 264.1430 14.34217677477926
IRIDIUM 120
1 42805U 17039C   26223.69999109  .00000079  00000+0  20978-4 0  9991
2 42805  86.3965 298.7567 0002393  92.2485 267.8984 14.34218018479139
IRIDIUM 115
1 42806U 17039D   26223.72190352  .00000118  00000+0  28972-4 0  9995
2 42806  86.4505 298.8835 0002508  95.6507 264.4980 14.43279008482274
IRIDIUM 118
1 42807U 17039E   26223.84929441  .00000116  00000+0  34431-4 0  9993
2 42807  86.4014 330.3764 0002192  94.6317 265.5129 14.34217031477921
IRIDIUM 117
1 42808U 17039F   26223.79855255  .00000062  00000+0  14908-4 0  9996
2 42808  86.4013 330.3548 0002265  95.4711 264.6743 14.34218034477947
IRIDIUM 126
1 42809U 17039G   26223.82392293  .00000098  00000+0  27771-4 0  9990
2 42809  86.4015 330.3962 0002196  97.8763 262.2682 14.34218140477928
IRIDIUM 124
1 42810U 17039H   26223.65572536  .00000159  00000+0  41276-4 0  9997
2 42810  86.4450 267.1635 0002422  95.0651 265.0826 14.43279900483115
IRIDIUM 128
1 42811U 17039J   26223.81466139  .00000025  00000+0  17324-5 0  9997
2 42811  86.4001   1.8924 0002316  91.8547 268.2914 14.34217796477955
IRIDIUM 121
1 42812U 17039K   26223.84295106  .00000045  00000+0  88592-5 0  9992
2 42812  86.4016 330.4165 0002242  93.2079 266.9373 14.34217881477807
IRIDIUM 133
1 42955U 17061A   26223.84637413  .00000058  00000+0  13592-4 0  9997
2 42955  86.4003   1.9982 0002214  91.6040 268.5409 14.34217976462758
IRIDIUM 100
1 42956U 17061B   26223.84003044  .00000089  00000+0  24764-4 0  9992
2 42956  86.4002   1.9180 0002214  92.0141 268.1308 14.34218422462756
IRIDIUM 122
1 42957U 17061C   26223.87808639 -.00000113  00000+0 -47540-4 0  9996
2 42957  86.3996   1.9028 0002085  94.9514 265.1920 14.34217289462768
IRIDIUM 129
1 42958U 17061D   26223.83368809  .00000030  00000+0  35995-5 0  9991
2 42958  86.4002   1.9887 0001987  94.7986 265.3437 14.34217902462770
IRIDIUM 119
1 42959U 17061E   26223.87174412  .00000021  00000+0  43742-6 0  9991
2 42959  86.4002   1.9688 0002211  95.8961 264.2487 14.34217796462792
IRIDIUM 107
1 42960U 17061F   26223.82100515  .00000077  00000+0  20541-4 0  9992
2 42960  86.4002   2.0115 0002410  95.9741 264.1729 14.34217833462799
IRIDIUM 132
1 42961U 17061G   26223.82734509 -.00000041  00000+0 -21840-4 0  9995
2 42961  86.3998   1.9884 0002115  93.6769 266.4669 14.34216996462798
IRIDIUM 136
1 42962U 17061H   26223.85905897  .00000031  00000+0  40759-5 0  9997
2 42962  86.4002   1.9816 0002188  91.5410 268.6036 14.34217870462818
IRIDIUM 139
1 42963U 17061J   26223.86540207  .00000070  00000+0  18067-4 0  9998
2 42963  86.4004   2.0419 0002230  92.0789 268.0663 14.34217401462826
IRIDIUM 125
1 42964U 17061K   26223.85271669  .00000095  00000+0  26866-4 0  9994
2 42964  86.4006   2.1090 0002339 105.7064 254.4390 14.34218138462838
IRIDIUM 135
1 43070U 17083A   26223.75707465  .00000112  00000+0  32785-4 0  9991
2 43070  86.3971 298.7908 0002252  95.1241 265.0212 14.34217370452119
IRIDIUM 138
1 43071U 17083B   26223.71267524  .00000107  00000+0  31155-4 0  9999
2 43071  86.3985 298.5134 0002219  99.0145 261.1302 14.34218272452099
IRIDIUM 116
1 43072U 17083C   26223.75073262  .00000126  00000+0  37909-4 0  9992
2 43072  86.3970 298.7787 0002477  89.7119 270.4361 14.34218031452139
IRIDIUM 130
1 43073U 17083D   26223.71901948  .00000077  00000+0  20540-4 0  9998
2 43073  86.3979 299.0726 0002523  93.5344 266.6140 14.34217951452076
IRIDIUM 151
1 43074U 17083E   26223.76341690  .00000058  00000+0  13477-4 0  9996
2 43074  86.3972 298.8324 0002308  93.8807 266.2653 14.34217838452102
IRIDIUM 134
1 43075U 17083F   26223.73170378  .00000055  00000+0  12630-4 0  9994
2 43075  86.3974 298.8544 0002329  95.2993 264.8469 14.34217877452061
IRIDIUM 137
1 43076U 17083G   26223.81415748  .00000000  00000+0 -70446-5 0  9998
2 43076  86.3975 298.9139 0002251  84.4899 275.6554 14.34217792452143
IRIDIUM 141
1 43077U 17083H   26223.73804606  .00000118  00000+0  35151-4 0  9997
2 43077  86.3969 298.7730 0002187  97.2896 262.8548 14.34217506452132
IRIDIUM 153
1 43078U 17083J   26223.82976134  .00000089  00000+0  24546-4 0  9997
2 43078  86.3926 267.2051 0002277  96.9450 263.2005 14.34218192453254
IRIDIUM 131
1 43079U 17083K   26223.72536084  .00000048  00000+0  10236-4 0  9999
2 43079  86.3977 298.9683 0002197  94.8420 265.3026 14.34217828452067
IRIDIUM 144
1 43249U 18030A   26223.62680009  .00000096  00000+0  27188-4 0  9994
2 43249  86.3925 267.2178 0002391  90.5254 269.6215 14.34217832438089
IRIDIUM 149
1 43250U 18030B   26223.63314235  .00000131  00000+0  39858-4 0  9999
2 43250  86.3924 267.1816 0002260  94.5957 265.5497 14.34218026438103
IRIDIUM 157
1 43251U 18030C   26223.65216939  .00000072  00000+0  18716-4 0  9998
2 43251  86.3926 267.2280 0002307  93.7628 266.3831 14.34217971438086
IRIDIUM 140
1 43252U 18030D   26223.67119752  .00000094  00000+0  26533-4 0  9996
2 43252  86.3926 267.2326 0002332  93.9925 266.1537 14.34217979438144
IRIDIUM 145
1 43253U 18030E   26223.86781796  .00000094  00000+0  26501-4 0  9996
2 43253  86.3925 267.1223 0002539  88.4749 271.6738 14.34218117438106
IRIDIUM 146
1 43254U 18030F   26223.63948500  .00000099  00000+0  28213-4 0  9997
2 43254  86.3925 267.2300 0002398  92.0766 268.0704 14.34217965438087
IRIDIUM 148
1 43255U 18030G   26223.67754111  .00000121  00000+0  35983-4 0  9993
2 43255  86.3927 267.2579 0002225  91.3730 268.7720 14.34217843438125
IRIDIUM 142
1 43256U 18030H   26223.64582764  .00000118  00000+0  35214-4 0  9997
2 43256  86.3923 267.1583 0002407  89.9013 270.2458 14.34218046438082
IRIDIUM 150
1 43257U 18030J   26223.61411429  .00000112  00000+0  33037-4 0  9999
2 43257  86.3926 267.2896 0002374  92.8194 267.3273 14.34218117438104
IRIDIUM 143
1 43258U 18030K   26223.66487337  .00000129  00000+0  38873-4 0  9997
2 43258  86.3930 267.3632 0002410  92.0211 268.1261 14.34214188438045
IRIDIUM 161
1 43478U 18047C   26223.63366422  .00000111  00000+0  26973-4 0  9996
2 43478  86.4435  65.2726 0002037  88.6006 271.5428 14.43279837433137
IRIDIUM 152
1 43479U 18047D   26223.63757279  .00000049  00000+0  10413-4 0  9993
2 43479  86.3910  65.1327 0002129  89.2737 270.8703 14.34217609430438
IRIDIUM 147
1 43480U 18047E   26223.85322167  .00000056  00000+0  13021-4 0  9999
2 43480  86.3912  65.0484 0002247  85.8708 274.2745 14.34217570430460
IRIDIUM 110
1 43481U 18047F   26223.65025642  .00000096  00000+0  27237-4 0  9994
2 43481  86.3913  65.2268 0001890  91.0077 269.1336 14.34218159430424
IRIDIUM 162
1 43482U 18047G   26223.62736572  .00000117  00000+0  28684-4 0  9994
2 43482  86.4434  65.1655 0002279  88.8200 271.3262 14.43280949433126
IRIDIUM 160
1 43569U 18061A   26223.87516912  .00000022  00000+0  71388-6 0  9993
2 43569  86.3950  33.4991 0002121  89.4606 270.6832 14.34217679421355
IRIDIUM 166
1 43570U 18061B   26223.83077072  .00000015  00000+0 -15832-5 0  9994
2 43570  86.3947  33.4678 0002119  88.3674 271.7764 14.34217755421378
IRIDIUM 158
1 43571U 18061C   26223.86882566  .00000022  00000+0  76578-6 0  9992
2 43571  86.3948  33.4614 0002178  92.2112 267.9333 14.34217348421340
IRIDIUM 165
1 43572U 18061D   26223.75465978 -.00000129  00000+0 -53171-4 0  9997
2 43572  86.3948  33.5571 0002136  88.1200 272.0241 14.34216629421357
IRIDIUM 155
1 43573U 18061E   26223.85614094  .00000022  00000+0  93628-6 0  9997
2 43573  86.3946  33.3806 0002241  91.1248 269.0204 14.34217397421334
IRIDIUM 154
1 43574U 18061F   26223.83711265  .00000015  00000+0 -18644-5 0  9991
2 43574  86.3948  33.5252 0002131  88.0798 272.0641 14.34217064421382
IRIDIUM 163
1 43575U 18061G   26223.74831748  .00000020  00000+0  16774-6 0  9999
2 43575  86.3947  33.4755 0002122  91.3874 268.7565 14.34217723421346
IRIDIUM 156
1 43576U 18061H   26223.86248447  .00000018  00000+0 -75793-6 0  9995
2 43576  86.3945  33.4355 0002210  92.6645 267.4804 14.34216374421353
IRIDIUM 164
1 43577U 18061J   26223.84345547  .00000015  00000+0 -17185-5 0  9990
2 43577  86.3947  33.4846 0002117  86.9445 273.1993 14.34217701421393
IRIDIUM 159
1 43578U 18061K   26223.88151198  .00000020  00000+0  50137-7 0  9993
2 43578  86.3947  33.4040 0002106  91.6573 268.4864 14.34216995421368
IRIDIUM 180
1 43922U 19002A   26223.81123775  .00000032  00000+0  44845-5 0  9995
2 43922  86.4013 330.3545 0002141  94.6544 265.4897 14.34217838396962
IRIDIUM 176
1 43923U 19002B   26223.82455044  .00000342  00000+0  50360-4 0  9996
2 43923  86.6135 330.2846 0002357  94.4676 265.6811 14.72260509407434
IRIDIUM 168
1 43924U 19002C   26223.80489632  .00000116  00000+0  34253-4 0  9997
2 43924  86.4016 330.4359 0002167  94.3985 265.7458 14.34217981396948
IRIDIUM 173
1 43925U 19002D   26223.79221068  .00000084  00000+0  23082-4 0  9995
2 43925  86.4012 330.3277 0002222  94.3247 265.8203 14.34217537396920
IRIDIUM 169
1 43926U 19002E   26223.82732245  .00000132  00000+0  36671-4 0  9996
2 43926  86.4258   1.9305 0002611 100.2468 259.9025 14.38607515398224
IRIDIUM 172
1 43927U 19002F   26223.78586771  .00000089  00000+0  24820-4 0  9997
2 43927  86.4012 330.3384 0002135  93.9623 266.1816 14.34218050396933
IRIDIUM 175
1 43928U 19002G   26223.86584527  .00000163  00000+0  42044-4 0  9995
2 43928  86.4480 267.2443 0004996  61.3890 298.7813 14.43638052407017
IRIDIUM 171
1 43929U 19002H   26223.83660346  .00000088  00000+0  24245-4 0  9996
2 43929  86.4023 330.6295 0002305  93.9956 266.1504 14.34216364396939
IRIDIUM 170
1 43930U 19002J   26223.83071170  .00000384  00000+0  57039-4 0  9995
2 43930  86.6133 330.2839 0002234  95.8021 264.3451 14.72258574407441
IRIDIUM 167
1 43931U 19002K   26223.83026625  .00000087  00000+0  24131-4 0  9998
2 43931  86.4014 330.3428 0002506  92.2720 267.8763 14.34217694396933
IRIDIUM 181
1 56726U 23068S   26223.84728462  .00000042  00000+0  65897-5 0  9996
2 56726  86.4485  33.5096 0002087  86.3114 273.8326 14.43310713170465
IRIDIUM 177
1 56727U 23068T   26223.76208587  .00000475  00000+0  59284-4 0  9991
2 56727  86.1976 302.4130 0002459  96.6509 263.4992 14.80039279174587
IRIDIUM 174
1 56728U 23068U   26223.81836721  .00000375  00000+0  55611-4 0  9994
2 56728  86.6141 330.4421 0002327 102.7742 257.3735 14.72251293174202
IRIDIUM 178
1 56729U 23068V   26223.81880042  .00000492  00000+0  61531-4 0  9998
2 56729  86.6568   2.1148 0002476  95.7040 264.4464 14.80037137174590
IRIDIUM 179
1 56730U 23068W   26223.88105091  .00000496  00000+0  62048-4 0  9999
2 56730  86.6797  11.2303 0002555  92.9736 267.1777 14.80042908174600
ORBCOMM FM06
1 25118U 97084G   26223.83092368  .00000501  00000+0  17376-3 0  9991
2 25118  45.0130 144.8140 0001240 318.3517  84.5908 14.47678269502453
ORBCOMM FM04
1 25159U 98007C   26223.85337291  .00000295  00000+0  14641-3 0  9993
2 25159 107.9625 283.9942 0041952 230.1172 129.6276 14.35818697484582
ORBCOMM FM19
1 25415U 98046C   26223.75755073  .00000372  00000+0  16325-3 0  9999
2 25415  44.9952 339.3951 0005084 221.4767 292.6824 14.39587341464788
ORBCOMM FM20
1 25416U 98046D   26223.72687274  .00000246  00000+0  12686-3 0  9990
2 25416  44.9956 348.0805 0002193 210.4405 149.6316 14.38135274464783
ORBCOMM FM27
1 25481U 98053G   26223.58173722  .00000346  00000+0  15612-3 0  9995
2 25481  45.0051  72.2267 0000772 112.1193 247.9738 14.39227710458213
ORBCOMM FM32
1 25982U 99065C   26222.85891545  .00000213  00000+0  11815-3 0  9998
2 25982  45.0151 274.4449 0006794 309.8475  50.1775 14.37198525394950
ORBCOMM FM109
1 40086U 14040A   26222.95590535  .00000052  00000+0  47211-4 0  9997
2 40086  47.0020 192.5350 0000475 133.7446 226.3480 14.58888410642343
ORBCOMM FM110
1 41182U 15081D   26223.71298124  .00000231  00000+0  84958-4 0  9993
2 41182  47.0017  98.8843 0003271 327.1744  32.8938 14.58953454565735
ORBCOMM FM118
1 41183U 15081E   26223.67923029  .00000235  00000+0  85854-4 0  9998
2 41183  47.0041  99.3909 0003385 289.9752  70.0769 14.58936356565831
ORBCOMM FM112
1 41184U 15081F   26223.81954205  .00000153  00000+0  68523-4 0  9998
2 41184  47.0002   7.1606 0002549 115.7096 244.4053 14.58970115567070
ORBCOMM FM113
1 41185U 15081G   26223.79829451  .00000096  00000+0  56493-4 0  9999
2 41185  47.0019   7.6687 0001110 125.2891 234.8098 14.58906016567054
ORBCOMM FM108
1 41187U 15081J   26223.55421690  .00000155  00000+0  68858-4 0  9992
2 41187  47.0047 280.4099 0001289 106.7203 253.3824 14.58943997568168
ORBCOMM FM117
1 41188U 15081K   26223.86261660  .00000129  00000+0  63503-4 0  9999
2 41188  47.0009 277.5723 0001770 116.0146 244.0922 14.58930079568256
ORBCOMM FM116
1 41189U 15081L   26222.81536751  .00000113  00000+0  60153-4 0  9991
2 41189  47.0035  12.3124 0001671 294.7546  65.3166 14.58933925566912
GLOBALSTAR M069
1 31573U 07020C   26223.83103741 -.00000077  00000+0  14167-3 0  9996
2 31573  52.0027  94.6317 0001094 275.0006 166.5606 12.23473492885616
GLOBALSTAR M072
1 31574U 07020D   26223.68306183 -.00000066  00000+0  25408-3 0  9993
2 31574  51.9951 312.5034 0001574  77.8986  69.6662 11.91659125881598
GLOBALSTAR M066
1 32265U 07048C   26223.58458456 -.00000085  00000+0  78563-4 0  9993
2 32265  51.9577 258.8852 0005044 157.5473   9.3657 12.30390662867044
GLOBALSTAR M079
1 37188U 10054A   26223.41105130 -.00000079  00000+0  14057-3 0  9993
2 37188  52.0051 300.5636 0000831 117.4718 323.2518 12.62266885729521
GLOBALSTAR M074
1 37189U 10054B   26223.61062206 -.00000075  00000+0  15848-3 0  9997
2 37189  52.0027 299.2135 0000498 129.6899  17.9022 12.62262263730151
GLOBALSTAR M076
1 37190U 10054C   26223.54911578 -.00000079  00000+0  13764-3 0  9995
2 37190  52.0039 299.6088 0000741 132.9786 334.9485 12.62263014729866
GLOBALSTAR M077
1 37191U 10054D   26223.87671236 -.00000065  00000+0  23509-3 0  9999
2 37191  51.9972  37.9459 0002051 280.8727 227.8073 11.67547981727649
GLOBALSTAR M075
1 37192U 10054E   26223.81274242 -.00000090  00000+0  77984-4 0  9995
2 37192  51.9974 340.8261 0000712  99.0201  68.5360 12.62268154728961
GLOBALSTAR M073
1 37193U 10054F   26223.81400868 -.00000078  00000+0  14289-3 0  9995
2 37193  52.0043 254.9671 0000551 130.0144  41.4837 12.62267532730954
GLOBALSTAR M083
1 37739U 11033A   26223.86953978 -.00000113  00000+0 -54080-4 0  9994
2 37739  51.9840 202.9486 0000441 106.7303 257.8902 12.62258340699985
GLOBALSTAR M088
1 37740U 11033B   26223.85947117 -.00000085  00000+0  10395-3 0  9990
2 37740  52.0210 109.5413 0000645  60.0561  18.2725 12.62269811695529
GLOBALSTAR M091
1 37741U 11033C   26223.87868876 -.00000092  00000+0  68240-4 0  9998
2 37741  51.9998  72.3661 0000942  72.5840  33.3227 12.62264528696314
GLOBALSTAR M085
1 37742U 11033D   26223.87447036 -.00000111  00000+0 -38316-4 0  9994
2 37742  52.0141  23.7189 0001029  88.0034  58.6791 12.62264553696826
GLOBALSTAR M081
1 37743U 11033E   26223.90485597 -.00000099  00000+0  25530-4 0  9991
2 37743  51.9975  25.9986 0000881  96.0537  68.8119 12.62265748696971
GLOBALSTAR M089
1 37744U 11033F   26223.78415037 -.00000101  00000+0  14868-4 0  9996
2 37744  51.9956 340.5159 0000526 125.5427  31.8782 12.62267770697807
GLOBALSTAR M084
1 38040U 11080A   26223.40289413 -.00000103  00000+0  27545-5 0  9993
2 38040  51.9986 209.1863 0000191 167.5140 356.1988 12.62269923675739
GLOBALSTAR M080
1 38041U 11080B   26223.69284112 -.00000108  00000+0 -24243-4 0  9993
2 38041  52.0037 210.0429 0000592  43.7101 127.1787 12.62258187675895
GLOBALSTAR M082
1 38042U 11080C   26223.83270469 -.00000126  00000+0 -12449-3 0  9994
2 38042  52.0065 165.1212 0000665  53.6086 324.4043 12.62274940676624
GLOBALSTAR M092
1 38043U 11080D   26223.51810653 -.00000103  00000+0  40291-5 0  9997
2 38043  52.0074 256.4819 0000313 121.1931  25.5793 12.62268437675031
GLOBALSTAR M090
1 38044U 11080E   26223.86310333 -.00000121  00000+0 -98489-4 0  9998
2 38044  52.0112 159.0027 0000658  71.9136 322.9124 12.62269809676740
GLOBALSTAR M086
1 38045U 11080F   26223.27885597 -.00000110  00000+0 -36604-4 0  9992
2 38045  51.9889 160.6194 0001120 145.7618  18.4862 12.62288546676614
GLOBALSTAR M097
1 39072U 13005A   26223.75000435 -.00000105  00000+0 -76446-5 0  9998
2 39072  52.0050  74.1963 0000889  77.6506 282.4460 12.62271311623925
GLOBALSTAR M093
1 39073U 13005B   26223.72335022 -.00000096  00000+0  43927-4 0  9994
2 39073  52.0104  67.6464 0001082  86.9315 273.1676 12.62266655623871
GLOBALSTAR M094
1 39074U 13005C   26223.72323530 -.00000105  00000+0 -42487-5 0  9999
2 39074  51.9983 341.7097 0000945 105.7713 254.3257 12.62264288625487
GLOBALSTAR M096
1 39075U 13005D   26223.73663869 -.00000108  00000+0 -23547-4 0  9991
2 39075  52.0085  30.5110 0001053  87.1972 272.9016 12.62275926624404
GLOBALSTAR M078
1 39076U 13005E   26223.86832875 -.00000094  00000+0  52548-4 0  9997
2 39076  51.9867 114.0469 0001467  44.1453 315.9530 12.62261595623047
GLOBALSTAR M095
1 39077U 13005F   26223.73658792 -.00000099  00000+0  26275-4 0  9991
2 39077  52.0075 112.1298 0001081  61.5070 298.5905 12.62264169622883
GLOBALSTAR M087
1 52888U 22064A   26223.82886464 -.00000088  00000+0  88491-4 0  9996
2 52888  51.9978 253.0571 0000534 104.8136 255.2790 12.62262564198161
OSCAR 7 (AO-7)
1 07530U 74089B   26223.54322633 -.00000025  00000+0  13140-3 0  9995
2 07530 101.9918 237.3680 0012440  27.3599 127.1065 12.53699027367452
PHASE 3B (AO-10)
1 14129U 83058B   26223.23500758  .00000021  00000+0  00000+0 0  9997
2 14129  25.9583 210.5274 5992722 130.7793 299.1824  2.05868819296625
UOSAT 2 (UO-11)
1 14781U 84021B   26223.86153926  .00000748  00000+0  81502-4 0  9999
2 14781  97.8109 188.8338 0007823  12.0642 348.0762 14.90914196265424
LUSAT (LO-19)
1 20442U 90005G   26223.78731455  .00000035  00000+0  29278-4 0  9990
2 20442  98.8844 247.1218 0012345  47.2145 313.0074 14.34137064910368
EYESAT A (AO-27)
1 22825U 93061C   26223.79881687  .00000025  00000+0  26375-4 0  9990
2 22825  98.6843 291.1814 0007323 301.3481  58.6984 14.30954699714956
ITAMSAT (IO-26)
1 22826U 93061D   26223.76162543  .00000027  00000+0  26926-4 0  9995
2 22826  98.6791 291.0675 0007719 281.8555  78.1762 14.31382966715265
RADIO ROSTO (RS15)
1 23439U 94085A   26223.72402753 -.00000044  00000+0 -31763-4 0  9995
2 23439  64.8132 213.3953 0157988 353.7286   6.1659 11.27584043302169
JAS-2 (FO-29)
1 24278U 96046B   26223.83425294 -.00000015  00000+0  23579-4 0  9996
2 24278  98.5199  65.0783 0349030 312.1690  45.0286 13.53276788480698
TECHSAT 1B (GO-32)
1 25397U 98043D   26223.55616481  .00000016  00000+0  27318-4 0  9992
2 25397  99.0114 217.7221 0002316  72.2830 287.8601 14.24437713459217
PCSAT (NO-44)
1 26931U 01043C   26223.82573459  .00000023  00000+0  39444-4 0  9999
2 26931  67.0501 100.3649 0005672 269.1311  90.9141 14.31974048298417
SAUDISAT 1C (SO-50)
1 27607U 02058C   26223.65012219  .00000477  00000+0  74113-4 0  9995
2 27607  64.5533 317.3703 0073612 252.2972 107.0089 14.83152931272689
CUTE-1 (CO-55)
1 27844U 03031E   26223.53246522  .00000140  00000+0  79370-4 0  9990
2 27844  98.6759 231.4001 0010199  31.5036 328.6752 14.24365387199555
CUBESAT XI-IV (CO-57)
1 27848U 03031J   26223.47850275  .00000111  00000+0  67646-4 0  9994
2 27848  98.6792 231.0150 0010386  49.0630 311.1446 14.23646418199248
MOZHAETS 4 (RS22)
1 27939U 03042A   26223.83883169  .00000568  00000+0  95566-4 0  9993
2 27939  98.3482  49.7792 0012574  91.3983  33.4958 14.73555690223741
CUBESAT XI-V
1 28895U 05043F   26223.23273699  .00000571  00000+0  97591-4 0  9997
2 28895  98.3051  20.0352 0014661  35.8092 324.4094 14.72760938109853
CUTE-1.7+APD II (CO-65)
1 32785U 08021C   26223.85769478  .00001927  00000+0  12304-3 0  9996
2 32785  97.8321 206.4685 0008282 187.3625 172.7483 15.09911068993597
SEEDS II (CO-66)
1 32791U 08021J   26223.52906250  .00008143  00000+0  24610-3 0  9998
2 32791  97.7541 224.1527 0004946 106.2548 253.9238 15.34506701995770
YUBILEINY (RS30)
1 32953U 08025A   26223.78931417 -.00000037  00000+0 -33883-3 0  9991
2 32953  82.5076 320.8579 0019652 186.9948 173.0861 12.43181562826605
KKS-1 (KISEKI)
1 33499U 09002H   26223.84636909  .00000580  00000+0  77727-4 0  9995
2 33499  98.1159 147.1684 0009244 106.4382 253.7847 14.83246145944446
SWISSCUBE
1 35932U 09051B   26223.72175061  .00000433  00000+0  95108-4 0  9997
2 35932  98.3975 132.5651 0007872  47.1424 313.0437 14.62574069897272
BEESAT-1
1 35933U 09051C   26223.69192900  .00000353  00000+0  80568-4 0  9990
2 35933  98.3901 132.0531 0006506  60.8941 299.2910 14.61797962897294
ITUPSAT1
1 35935U 09051E   26223.73154522  .00000324  00000+0  76900-4 0  9998
2 35935  98.3984 131.2254 0008766  69.3304 290.8835 14.60512083896848
XIWANG-1 (HOPE-1)
1 36122U 09072B   26223.79921745 -.00000371  00000+0 -85648-3 0  9997
2 36122 100.4055 176.7514 0008138 105.0640 255.1374 13.16439101800327
O/OREOS (USA 219)
1 37224U 10062C   26223.71005098  .00000865  00000+0  87112-4 0  9993
2 37224  71.9711 314.5490 0015851 314.3572  45.6299 14.93941198124930
JUGNU
1 37839U 11058B   26223.64387932  .00000343  00000+0  39649-4 0  9996
2 37839  19.9618 331.5041 0018596 329.4866 160.6509 14.13789914766889
SRMSAT
1 37841U 11058D   26223.86110080  .00000322  00000+0  31244-4 0  9991
2 37841  19.9721  82.4800 0011780  96.8096   4.1947 14.11585929765694
STRAND-1
1 39090U 13009E   26223.75284690  .00000115  00000+0  52895-4 0  9999
2 39090  98.3953  42.6301 0009805  68.2265 291.9965 14.37192004705045
ZACUBE-1 (TSHEPISOSAT)
1 39417U 13066B   26223.85921719  .00002539  00000+0  19737-3 0  9995
2 39417  97.7998 186.4591 0042953  66.1003 294.4713 15.01502413689081
GOMX-1
1 39430U 13066Q   26223.81491771  .00000915  00000+0  14414-3 0  9999
2 39430  97.6459  60.7709 0126724 258.7128  99.9816 14.69598733678081
CUBEBUG-2 (LO-74)
1 39440U 13066AA  26223.85546934  .00001130  00000+0  10818-3 0  9990
2 39440  97.8934 173.0940 0056418 201.2723 158.6151 14.94102296685304
FUNCUBE-1 (AO-73)
1 39444U 13066AE  26223.85950911  .00004254  00000+0  26073-3 0  9998
2 39444  97.8322 196.5090 0036351  17.4774 342.7696 15.10181257688061
UWE-3
1 39446U 13066AG  26223.82070072  .00001891  00000+0  16416-3 0  9992
2 39446  97.8735 180.2943 0049955 132.7377 227.8065 14.97336754685903
UNISAT-6
1 40012U 14033C   26223.86612808  .00001218  00000+0  13505-3 0  9990
2 40012  97.7946  15.6294 0043524 243.9634 115.7098 14.88470331654440
DUCHIFAT-1
1 40021U 14033M   26223.17113356  .00140594  00000+0  75916-3 0  9993
2 40021  98.0373 290.6491 0006034 214.8821 145.2049 15.79713336664386
QB50P1
1 40025U 14033R   26223.76020127  .00003728  00000+0  18155-3 0  9994
2 40025  98.0972 238.8380 0009712  45.0914 315.1105 15.19036762661461
LILACSAT-2
1 40908U 15049K   26223.83730502  .00010428  00000+0  16729-3 0  9995
2 40908  97.4610 262.8497 0007956  61.5169 298.6884 15.53228032604380
FOX-1A (AO-85)
1 40967U 15058D   26223.88536543  .00001612  00000+0  15121-3 0  9994
2 40967  64.7734 105.8527 0134674  35.4893 325.5085 14.91264320121873
CAS-2T & KS-1Q
1 41847U 16066G   26223.78281490  .00000208  00000+0  39238-4 0  9995
2 41847  98.3793 298.8832 0340543 321.0405  36.6687 14.44803115512824
RADFXSAT (FOX-1B)
1 43017U 17073E   26223.89219615  .00004640  00000+0  19983-3 0  9995
2 43017  97.4628  89.9720 0149774 135.6745 225.6595 15.13424085473811
DIWATA-2B
1 43678U 18084H   26223.85015880  .00000963  00000+0  81290-4 0  9990
2 43678  98.1212  62.5058 0010846 352.4886   7.6173 15.00643875424568
FOX-1CLIFF (AO-95)
1 43770U 18099N   26223.70292602  .00005485  00000+0  20462-3 0  9999
2 43770  97.4348 283.7740 0009697 143.6435 216.5465 15.27791183421691
ITASAT
1 43786U 18099AE  26223.86967587  .00003308  00000+0  15790-3 0  9994
2 43786  97.3991 274.2811 0013350 151.4029 208.7941 15.19676302421364
JY1SAT (JO-97)
1 43803U 18099AX  26223.71949630  .00008522  00000+0  25055-3 0  9995
2 43803  97.4097 286.7994 0006980  80.9508 279.2525 15.35328361422146
UWE-4
1 43880U 18111E   26223.74912154  .00017692  00000+0  32288-3 0  9993
2 43880  97.5834 154.8381 0009826 113.4995 246.7289 15.49439560419376
TIANYAN 01
1 44881U 19093C   26223.84535644  .00000403  00000+0  51402-4 0  9993
2 44881  97.7505 294.7120 0011958 264.0967  95.8886 14.86595338359680
RS-44 & BREEZE-KM R/B
1 44909U 19096E   26223.74735855  .00000020  00000+0  34850-4 0  9995
2 44909  82.5232 302.7925 0217658  14.7805 345.9525 12.79748748309453
XW-3 (CAS-9)
1 50466U 21131B   26223.86670713  .00000063  00000+0  33229-4 0  9993
2 50466  98.4984 315.9553 0002963 300.2830  59.8065 14.41401293243137
GREENCUBE (IO-117)
1 53109U 22080E   26223.59085311 -.00000003  00000+0  00000+0 0  9999
2 53109  70.1320 278.9799 0009172 277.2634  82.6983  6.42583572 95624
UMKA 1 (RS40S)
1 57172U 23091G   26223.81232065  .00002880  00000+0  13148-3 0  9996
2 57172  97.5013 282.3044 0010804 286.9514  73.0537 15.21374785172468
CUBESX-HSE 3 (RS42S)
1 57178U 23091N   26223.82788116  .00006542  00000+0  21104-3 0  9996
2 57178  97.5058 290.1572 0008777 249.2899 110.7402 15.32466795172948
MONITOR-3 (RS58S)
1 57180U 23091Q   26223.84908755  .00005250  00000+0  18995-3 0  9993
2 57180  97.5048 287.7311 0009589 260.0500  99.9657 15.28828585172792
MONITOR-4 (RS57S)
1 57182U 23091S   26223.82497816  .00005157  00000+0  18613-3 0  9997
2 57182  97.5042 287.6810 0009587 260.4684  99.5473 15.28919358172797
MONITOR-2 (RS39S)
1 57184U 23091U   26223.83959223  .00002456  00000+0  11934-3 0  9993
2 57184  97.5034 281.7667 0009283 279.8518  80.1669 15.19360071172401
SVYATOBOR 1 (RS60S)
1 57187U 23091X   26223.82330480  .00004453  00000+0  16851-3 0  9995
2 57187  97.5055 287.9690 0007566 251.4370 108.6047 15.27451578172807
VIZARD-METEO (RS38S)
1 57189U 23091Z   26223.81640872  .00008961  00000+0  24467-3 0  9995
2 57189  97.5060 294.4715 0006088 217.7543 142.3275 15.37641368173236
POLYTECH-UNIVERSE 3 (R*)
1 57191U 23091AB  26223.85905238  .00002409  00000+0  11628-3 0  9998
2 57191  97.5011 281.2905 0013633 298.1126  61.8730 15.19576647172400
UTMN 2 (RS27S)
1 57203U 23091AP  26223.81575626  .00006562  00000+0  20649-3 0  9999
2 57203  97.5055 291.8456 0006511 230.3207 129.7461 15.33277591173065
KUZGTU 1 (RS47S)
1 57217U 23091AV  26223.87032852  .00006023  00000+0  20354-3 0  9994
2 57217  97.5030 288.9512 0008912 254.3777 105.6481 15.30998219172897
SONATE-2
1 59112U 24043Q   26223.72245315  .00025969  00000+0  28809-3 0  9995
2 59112  97.5578  17.7255 0004997   3.5981 356.5312 15.62919526136554
MESAT1
1 60209U 24125G   26223.55452029  .00039357  00000+0  32829-3 0  9991
2 60209  97.2198  82.5433 0007448  23.6239 336.5364 15.69946821118234
GRBBETA
1 60237U 24128C   26223.83035007  .00001993  00000+0  14550-3 0  9995
2 60237  61.9904  20.9888 0033036 146.8685 213.4486 15.06981286114658
OOV-CUBE (TUBSAT-30)
1 60240U 24128F   26223.81140297  .00001133  00000+0  98355-4 0  9997
2 60240  61.9945  31.5824 0037303 146.4581 213.8883 15.02977108114476
COLIBRI-S (RS67S)
1 61746U 24199M   26223.81737383  .00013167  00000+0  23663-3 0  9994
2 61746  97.2908  98.2425 0009986  80.8734 279.3647 15.49937212146027
HORS 3 (RS81S)
1 61753U 24199U   26223.74944660  .00024163  00000+0  31305-3 0  9992
2 61753  97.2883 100.8282 0008126  82.7217 277.4963 15.58840661146201
HORS 4 (RS82S)
1 61754U 24199V   26223.83469286  .00039097  00000+0  39451-3 0  9991
2 61754  97.2822 102.5401 0007073  80.2444 279.9614 15.65240779146338
SIT-2086
1 61764U 24199AF  26223.85925135  .00025192  00000+0  34982-3 0  9999
2 61764  97.2840 101.2236 0008154  69.6121 290.6009 15.56972834143086
HYPERVIEW 1G (RS66S)
1 61772U 24199AP  26223.61405852  .00580422  16979-3  74099-3 0  9992
2 61772  97.2589 107.0348 0005991 153.9622 206.1963 16.07346139143465
ALTAIR (RS65S)
1 61779U 24199AW  26223.88792889  .00004432  00000+0  12053-3 0  9995
2 61779  97.2950  92.8863 0014357 103.8325 256.4519 15.37965967145675
ASRTU-1 (AO-123)
1 61781U 24199AY  26223.79831288  .00004249  00000+0  12150-3 0  9999
2 61781  97.2920  91.9734 0015417 106.9304 253.3632 15.36405958142465
SAMSAT-IONOSPHERE (RS7*)
1 61784U 24199BB  26223.66852977  .00029275  00000+0  32645-3 0  9993
2 61784  97.2846 101.0386 0009744  82.1936 278.0428 15.62714957146218
RTU MIREA 1 (RS51S)
1 61785U 24199BC  26223.73625764  .00042100  00000+0  38326-3 0  9998
2 61785  97.2828 102.2856 0009202  80.7547 279.4754 15.67774384143157
LASARSAT
1 62391U 24247Q   26223.59962250  .00017631  00000+0  31531-3 0  9996
2 62391  44.9741 310.0344 0009439 327.2494  32.7811 15.49774164 91902
CROCUBE
1 62394U 24247T   26223.26298294  .00020699  00000+0  33834-3 0  9999
2 62394  44.9714 308.2451 0009617 332.4790  27.5591 15.52205148 91898
TEVEL2-4
1 63213U 25052D   26223.63779212  .00008431  00000+0  23941-3 0  9998
2 63213  97.3826 120.1733 0000119 185.2496 174.8747 15.36446808 78621
TEVEL2-5
1 63214U 25052E   26223.66505353  .00008719  00000+0  24911-3 0  9992
2 63214  97.3823 120.1317 0000037  97.6094 262.5154 15.36242823 78624
TEVEL2-6
1 63215U 25052F   26223.67865910  .00008622  00000+0  24662-3 0  9998
2 63215  97.3829 120.1301 0000129  45.7650 314.3605 15.36208215 78622
TEVEL2-1
1 63217U 25052H   26223.66301755  .00008397  00000+0  24489-3 0  9997
2 63217  97.3801 119.6697 0000808 353.4678   6.6555 15.35607357 78600
TEVEL2-3
1 63218U 25052J   26223.65540631  .00008227  00000+0  23948-3 0  9996
2 63218  97.3806 119.6923 0000804  11.7470 348.3792 15.35675915 78602
TEVEL2-2
1 63219U 25052K   26223.66293160  .00008467  00000+0  24681-3 0  9991
2 63219  97.3805 119.6733 0000813 351.9713   8.1517 15.35620333 78600
OTP-2
1 63235U 25052AB  26223.69656161  .00003141  00000+0  12999-3 0  9999
2 63235  97.3792 115.3035 0005446 346.2209  13.8879 15.24666172 78327
TEVEL2-9
1 63237U 25052AD  26223.64927042  .00007770  00000+0  24233-3 0  9991
2 63237  97.3864 118.9086 0004132 323.3540  36.7419 15.33499789 78523
TEVEL2-7
1 63238U 25052AE  26223.70158282  .00007437  00000+0  23452-3 0  9993
2 63238  97.3865 118.8522 0004240 321.9267  38.1675 15.33163549 78521
TEVEL2-8
1 63239U 25052AF  26223.64507874  .00007609  00000+0  23999-3 0  9999
2 63239  97.3867 118.7707 0004243 324.8166  35.2795 15.33149704 78518
INNOSAT 16 (RS92S7)
1 64878U 25155C   26223.87974882  .00002995  00000+0  11923-3 0  9992
2 64878  97.4613 190.8677 0010164   1.3191 358.8072 15.26002485 89160
GEOSCAN 6 (RS92S6)
1 64879U 25155D   26223.87986072  .00005600  00000+0  18868-3 0  9998
2 64879  97.4601 192.7028 0007094 357.8273   2.2936 15.31139042 89285
GEOSCAN 1 (RS92S1)
1 64880U 25155E   26223.85890209  .00006237  00000+0  20546-3 0  9997
2 64880  97.4596 192.8818 0006975 358.5691   1.5529 15.31822648 89299
239ALFEROV (RS61S)
1 64881U 25155F   26223.87310660  .00008101  00000+0  24572-3 0  9993
2 64881  97.4593 193.6588 0006519 359.5854   0.5382 15.34365923 89349
GEOSCAN 2 (RS92S2)
1 64890U 25155Q   26223.84316803  .00006040  00000+0  19753-3 0  9990
2 64890  97.4595 193.0397 0005800 345.9021  14.2058 15.32074858 89300
GEOSCAN 5 (RS92S5)
1 64891U 25155R   26223.85103868  .00007820  00000+0  23513-3 0  9993
2 64891  97.4586 193.7944 0005738   8.2853 351.8483 15.34660627 89352
GEOSCAN 4 (RS92S4)
1 64892U 25155S   26223.89433769  .00007843  00000+0  23446-3 0  9994
2 64892  97.4591 193.9043 0005565   9.0623 351.0719 15.34844191 89368
GEOSCAN 3 (RS92S3)
1 64893U 25155T   26223.88179252  .00010521  00000+0  29099-3 0  9995
2 64893  97.4576 194.4963 0005462  11.6256 348.5113 15.37191245 89408
INNOSAT 3 (RS92S0)
1 64894U 25155U   26223.85274653  .00026882  00000+0  51795-3 0  9999
2 64894  97.4515 196.8607 0004213  31.4132 328.7369 15.47834783 89561
MARINA
1 69920U 26156BD  26223.68571319  .00001112  00000+0  11507-3 0  9992
2 69920  97.7492 123.5657 0008652  45.6547 314.5379 14.92048668  5271
CANX-2
1 32790U 08021H   26223.50926403  .00001737  00000+0  12376-3 0  9995
2 32790  97.8689 204.3909 0009230 209.4120 150.6587 15.05957949993130
TISAT 1
1 36799U 10035E   26223.80488383  .00010089  00000+0  31221-3 0  9999
2 36799  98.0724 175.3861 0004505  72.2374 287.9357 15.33701850876225
NEE-01 PEGASO
1 39151U 13018B   26223.39425787  .00000796  00000+0  80652-4 0  9998
2 39151  98.1294   9.4006 0012065 348.3765  11.7174 14.93894784718940
POPACS 2
1 39269U 13055E   26223.63615780  .00012340 -73516-6  20054-3 0  9997
2 39269  80.9892  80.6508 0410098  15.7789 345.5764 14.93115064671487
POPACS 3
1 39270U 13055F   26223.82578332  .00003209  00000+0  76474-4 0  9993
2 39270  81.0032 168.8016 0546271 260.2232  93.6892 14.57057070646659
WNISAT-1
1 39423U 13066H   26223.86469801  .00000273  00000+0  57990-4 0  9999
2 39423  97.7276   9.0905 0163994  56.8536 304.8278 14.58165707674844
TRITON-1
1 39427U 13066M   26223.80296557  .00001442  00000+0  17627-3 0  9994
2 39427  97.8191 132.3330 0091150  53.4637 307.4926 14.81900796682328
NEE-02 KRYSAOR
1 39441U 13066AB  26223.80103358  .00000724  00000+0  84673-4 0  9994
2 39441  97.8903 162.6325 0064262 246.8684 112.5751 14.86826215684465
NANOSATC-BR1
1 40024U 14033Q   26223.64695455  .00008062  00000+0  25478-3 0  9994
2 40024  98.0696 261.0149 0003112  26.1504 333.9892 15.33116140662475
QB50P2
1 40032U 14033Y   26223.56195703  .00003391  00000+0  18135-3 0  9997
2 40032  98.0781 223.9270 0007091   2.1864 357.9397 15.15823834661058
PERSEUS-M2
1 40037U 14033AD  26223.86164507  .00000426  00000+0  43782-4 0  9996
2 40037  97.9985 175.5516 0012853 111.7504 248.5086 14.95649363659105
PERSEUS-M1
1 40039U 14033AF  26223.82994792  .00000277  00000+0  30273-4 0  9996
2 40039  97.9666 168.8883 0012873 109.7165 250.5445 14.95785875658950
POLYITAN-1
1 40042U 14033AJ  26223.62136877  .00008253  00000+0  24506-3 0  9993
2 40042  98.0923 255.2031 0004919 326.1865  33.9061 15.35083518662099
TIGRISAT
1 40043U 14033AK  26223.35923046  .00000825  00000+0  10058-3 0  9990
2 40043  97.7901  12.1358 0047701 252.9971 106.6014 14.85320909653812
AEROCUBE 6A
1 40045U 14033AM  26223.45230381  .00002687  00000+0  22587-3 0  9994
2 40045  97.7263  29.8495 0038144 189.0636 170.9902 14.98587765654899
AEROCUBE 6B
1 40046U 14033AN  26223.40098792  .00003343  00000+0  26900-3 0  9991
2 40046  97.7216  29.6850 0039230 174.1859 185.9827 15.00065200655038
CANX-4
1 40055U 14034C   26223.60924440  .00000367  00000+0  54311-4 0  9993
2 40055  98.3034 100.9369 0012437 186.9287 173.1755 14.81349482652735
CANX-5
1 40056U 14034D   26223.60702830  .00000368  00000+0  54377-4 0  9994
2 40056  98.3037 100.9815 0012427 187.1091 172.9946 14.81366941643547
UKUBE-1
1 40074U 14037F   26223.81871014  .00003941  00000+0  21942-3 0  9992
2 40074  98.4257 232.9762 0001809  46.7874 313.3506 15.14328857656975
AEROCUBE 5C
1 40965U 15058B   26223.88670839  .00001475  00000+0  13806-3 0  9994
2 40965  64.7653  89.2728 0134389  42.0330 319.0999 14.91745726373967
AEROCUBE 7
1 40966U 15058C   26223.85529620  .00001989  00000+0  16507-3 0  9994
2 40966  64.7612  70.3941 0124012  40.2663 320.7554 14.96144887374280
SINOD-D 1
1 40968U 15058E   26223.89342450  .00002119  00000+0  17433-3 0  9999
2 40968  64.7741  84.4061 0123330  31.7748 329.0731 14.96334610124990
SNAP-3 ALICE
1 40970U 15058G   26223.56137666  .00115282  00000+0  74981-3 0  9994
2 40970  64.7454 270.4555 0029472 337.3213  22.6635 15.74752891125568
LMRST-SAT
1 40971U 15058H   26223.85513325  .00001520  00000+0  14438-3 0  9997
2 40971  64.7741 102.3924 0136176  37.4551 323.5955 14.90867416121857
SNAP-3 EDDIE
1 40972U 15058J   26223.80780147  .00182444  00000+0  10080-2 0  9994
2 40972  64.7351 259.7433 0029535 338.5537  21.4378 15.78224199127756
PROPCUBE 3
1 40973U 15058K   26223.81935926  .00001734  00000+0  15037-3 0  9993
2 40973  64.7676  78.6712 0127869  38.5908 322.4260 14.94622544123116
BISONSAT
1 40974U 15058L   26223.80861513  .00004674  00000+0  22191-3 0  9998
2 40974  64.7601 353.6131 0083944  23.5019 336.9906 15.17477946124059
SNAP-3 JIMI
1 40975U 15058M   26223.82921806  .00002618  00000+0  18322-3 0  9990
2 40975  64.7641  43.6346 0109875  33.6785 327.1251 15.02915829122584
PROPCUBE 1 (FLORA)
1 40976U 15058N   26223.86146454  .00001502  00000+0  14859-3 0  9995
2 40976  64.7733 122.6531 0134661  39.7140 321.3736 14.89482530124559
SINOD-D 3
1 40977U 15058P   26223.85985612  .00002077  00000+0  18010-3 0  9993
2 40977  64.7718 101.9215 0123218  36.6969 324.2502 14.94400691123076
RAVAN
1 41849U 16067B   26223.68242119  .00033960  00000+0  41449-3 0  9999
2 41849  97.9792 119.8922 0006193 134.0086 226.1681 15.60378826536336
CELTEE 1
1 41850U 16067C   26223.57317214  .00002583  00000+0  12298-3 0  9995
2 41850  98.0593  93.9160 0002405  74.7067 285.4432 15.20168019534298
OPTICUBE 04
1 41851U 16067D   26223.55263080  .00001105  00000+0  72603-4 0  9991
2 41851  98.0643  78.7183 0014128 292.6569  67.3164 15.09863946533526
AEROCUBE 8D
1 41852U 16067E   26223.60901007  .00003532  00000+0  14446-3 0  9992
2 41852  98.0600  98.0033 0002188 330.6850  29.4262 15.25099149534510
AEROCUBE 8C
1 41853U 16067F   26223.62480875  .00003403  00000+0  13825-3 0  9997
2 41853  98.0474  95.1773 0004033 213.1285 146.9699 15.25353806534519
CORVUS BC2
1 42846U 17042X   26223.39236979  .00001968  00000+0  13683-3 0  9998
2 42846  97.4125  22.6268 0011468 284.4855  75.5100 15.06589393495371
CORVUS BC1
1 42847U 17042Y   26223.44737052  .00001640  00000+0  11422-3 0  9999
2 42847  97.4159  23.5295 0010241 256.9922 103.0163 15.06753388495414
MAKERSAT 0
1 43016U 17073D   26223.72718024  .00011950  00000+0  30589-3 0  9991
2 43016  97.4537 106.7240 0104641  75.5678 285.7149 15.34027217474974
SIRION PATHFINDER-2
1 43759U 18099B   26223.67100117  .00002277  00000+0  12541-3 0  9996
2 43759  97.4219 271.4134 0010426 105.6703 254.5680 15.14966709421026
CORVUS BC4
1 43767U 18099K   26223.62121131  .00001812  00000+0  10653-3 0  9995
2 43767  97.4037 264.9817 0008847 158.1894 201.9716 15.12882248420787
M2 PATHFINDER
1 45727U 20037E   26223.50447061  .00000668  00000+0  51718-4 0  9994
2 45727  97.8139  55.3679 0010762 333.3150  26.7521 15.04891791333819
NETSAT-4
1 46504U 20068U   26223.57421336  .00008976  00000+0  18851-3 0  9996
2 46504  97.8609 236.3430 0007232 114.2727 245.9277 15.45590179324325
NETSAT-3
1 46505U 20068V   26223.75136223  .00008914  00000+0  19456-3 0  9999
2 46505  97.8661 234.6859 0006811 126.2504 233.9373 15.44460032324257
NETSAT-1
1 46506U 20068W   26223.53675919  .00005817  00000+0  16949-3 0  9999
2 46506  97.8765 228.1076 0005447 151.4252 208.7289 15.35813942323792
NETSAT-2
1 46507U 20068X   26223.85159742  .00012620  00000+0  24127-3 0  9993
2 46507  97.8619 236.7639 0005513 130.7785 229.3943 15.48235164324342
SITRO-AIS 5 (KATYS)
1 57176U 23091L   26223.85557429  .00005976  00000+0  20453-3 0  9994
2 57176  97.5026 288.3183 0009212 262.1894  97.8300 15.30590667172858
SITRO-AIS 6 (CHIRKIN)
1 57192U 23091AC  26223.83553438  .00004919  00000+0  18903-3 0  9999
2 57192  97.5032 287.1133 0009510 268.4774  91.5375 15.26868113172775
SITRO-AIS 8 (ANOKHIN)
1 57193U 23091AD  26223.83653497  .00006967  00000+0  21750-3 0  9995
2 57193  97.5022 290.1238 0008344 255.0448 104.9870 15.33493528172972
SITRO-AIS 7 (FARTUSHNIY)
1 57194U 23091AE  26223.85051909  .00004869  00000+0  18905-3 0  9995
2 57194  97.5028 286.9229 0009435 269.9076  90.1081 15.26531513172761
SITRO-AIS 10 (BURDAEV)
1 57199U 23091AK  26223.81848405  .00010812  00000+0  26796-3 0  9993
2 57199  97.5050 295.7598 0005455 216.4809 143.6066 15.40565131173326
SITRO-AIS 9 (SHCHUKIN)
1 57201U 23091AM  26223.86350407  .00009911  00000+0  25029-3 0  9998
2 57201  97.5047 295.4900 0005668 217.6413 142.4437 15.40017324173314
SITRO-AIS 12 (SMIRENNIY)
1 57204U 23091AQ  26223.84345916  .00010908  00000+0  27250-3 0  9994
2 57204  97.5061 295.9721 0005523 210.1953 149.8976 15.40319557173330
SITRO-AIS 11 (SHEFFER)
1 57208U 23091AU  26223.84073213  .00011055  00000+0  27189-3 0  9991
2 57208  97.5060 296.2528 0005484 209.5999 150.4937 15.40793686173356
SITRO-AIS 25
1 59066U 24039R   26223.84719633  .00001929  00000+0  14986-3 0  9991
2 59066  95.3871 273.3352 0145622 132.7867 228.5714 14.93819127133034
SITRO-AIS 26
1 59067U 24039S   26223.85633583  .00001740  00000+0  13616-3 0  9992
2 59067  95.3871 273.2275 0145943 133.4138 227.9346 14.93603635133021
SITRO-AIS 27
1 59068U 24039T   26223.87774983  .00002572  00000+0  19811-3 0  9992
2 59068  95.3870 273.5402 0145103 131.8373 229.5349 14.94033945133053
SITRO-AIS 28
1 59071U 24039U   26223.85392725  .00001825  00000+0  14128-3 0  9990
2 59071  95.3875 273.5742 0144898 131.7521 229.6200 14.94070747133051
ROBUSTA-3A (MEDITERRAN*)
1 60243U 24128J   26223.81894101  .00004463  00000+0  26556-3 0  9992
2 60243  61.9871  11.4109 0034005 139.8457 220.5161 15.12351007114833
FORESAIL-1 PRIME
1 66778U 25276DS  26223.72928580  .00001980  00000+0  97532-4 0  9999
2 66778  97.4170 295.9890 0000622 269.0376  91.0787 15.19122248 38838
GPS BIIR-5  (PRN 22)
1 26407U 00040A   26223.63370472  .00000036  00000+0  00000+0 0  9997
2 26407  54.8452 212.9604 0119668 303.1424  54.8695  2.00558023191059
GPS BIIR-8  (PRN 16)
1 27663U 03005A   26223.45072969  .00000038  00000+0  00000+0 0  9998
2 27663  54.8754 212.7737 0148995  53.3260 308.8060  2.00557518172427
GPS BIIR-11 (PRN 19)
1 28190U 04009A   26223.80342295  .00000009  00000+0  00000+0 0  9998
2 28190  54.7855 273.4363 0117988 175.5011 233.2975  2.00552663164065
GPS BIIR-13 (PRN 02)
1 28474U 04045A   26223.14324975 -.00000085  00000+0  00000+0 0  9990
2 28474  55.1002 322.6819 0170836 317.7050  39.8819  2.00558204159525
GPS BIIRM-1 (PRN 17)
1 28874U 05038A   26223.78336734  .00000014  00000+0  00000+0 0  9994
2 28874  54.8351 270.9298 0128552 296.8139 128.1576  2.00561784152950
GPS BIIRM-2 (PRN 31)
1 29486U 06042A   26223.84907465 -.00000018  00000+0  00000+0 0  9997
2 29486  54.7137 149.1287 0107955  56.0214 315.8448  2.00566707145517
GPS BIIRM-3 (PRN 12)
1 29601U 06052A   26222.26583426  .00000056  00000+0  00000+0 0  9990
2 29601  54.9297 211.8630 0084837  91.0840 269.8892  2.00561053144497
GPS BIIRM-4 (PRN 15)
1 32260U 07047A   26223.56970853 -.00000012  00000+0  00000+0 0  9991
2 32260  54.1378  77.7830 0168548  88.6448 273.3703  2.00552739137925
GPS BIIRM-5 (PRN 29)
1 32384U 07062A   26223.39526641  .00000016  00000+0  00000+0 0  9991
2 32384  54.9897 271.9295 0036143 168.9671 193.9058  2.00563062136621
GPS BIIRM-6 (PRN 07)
1 32711U 08012A   26223.47766834 -.00000020  00000+0  00000+0 0  9996
2 32711  54.5013 147.7158 0211186 248.3010 109.4321  2.00551333134868
GPS BIIRM-8 (PRN 05)
1 35752U 09043A   26223.71529331 -.00000072  00000+0  00000+0 0  9992
2 35752  56.2451  25.2745 0052496  85.0161  93.7941  2.00578524124473
GPS BIIF-1  (PRN 25)
1 36585U 10022A   26223.54932949  .00000029  00000+0  00000+0 0  9991
2 36585  54.2661 206.3327 0127539  66.2324 113.6291  2.00565038118705
GPS BIIF-3  (PRN 24)
1 38833U 12053A   26223.15842771 -.00000023  00000+0  00000+0 0  9990
2 38833  53.5921 141.3465 0183795  66.7490 295.1739  2.00568388100547
GPS BIIF-4  (PRN 27)
1 39166U 13023A   26223.52545674  .00000022  00000+0  00000+0 0  9999
2 39166  54.4639 266.7158 0141576  51.1351 310.2010  2.00563218 96990
GPS BIIF-5  (PRN 30)
1 39533U 14008A   26223.02872321 -.00000023  00000+0  00000+0 0  9990
2 39533  53.6596 147.0824 0083850 231.6210 127.6148  2.00563284 90787
GPS BIIF-6  (PRN 06)
1 39741U 14026A   26223.80440183 -.00000093  00000+0  00000+0 0  9991
2 39741  56.4674 329.3522 0038483 324.9262  34.8452  2.00556861 89655
GPS BIIF-7  (PRN 09)
1 40105U 14045A   26222.89832177 -.00000007  00000+0  00000+0 0  9999
2 40105  55.3901  86.2849 0035432 118.8734 241.5650  2.00561953 87178
GPS BIIF-8  (PRN 03)
1 40294U 14068A   26223.26630444 -.00000061  00000+0  00000+0 0  9998
2 40294  57.0250  28.8363 0067454  73.1189 287.6430  2.00554772 86315
GPS BIIF-9  (PRN 26)
1 40534U 15013A   26222.90630080  .00000030  00000+0  00000+0 0  9997
2 40534  53.1633 201.9153 0111095  40.4026 320.3945  2.00572737 82923
GPS BIIF-10 (PRN 08)
1 40730U 15033A   26223.56556875  .00000023  00000+0  00000+0 0  9991
2 40730  53.9425 264.7998 0115961  30.3497 330.3970  2.00553416 81109
GPS BIIF-11 (PRN 10)
1 41019U 15062A   26223.61899270 -.00000064  00000+0  00000+0 0  9995
2 41019  56.9967  28.6792 0114116 230.8402 128.1612  2.00566915 78949
GPS BIIF-12 (PRN 32)
1 41328U 16007A   26222.21343972 -.00000010  00000+0  00000+0 0  9997
2 41328  55.5586  87.3171 0096825 247.4347 111.6161  2.00574208 76921
GPS BIII-1  (PRN 04)
1 43873U 18109A   26223.61572426 -.00000004  00000+0  00000+0 0  9995
2 43873  55.7165  89.9995 0039139 196.5277 349.2858  2.00563795 56183
GPS BIII-2  (PRN 18)
1 44506U 19056A   26223.72744987 -.00000094  00000+0  00000+0 0  9995
2 44506  55.6060 328.9349 0064693 198.9202 332.5273  2.00570376 51180
GPS BIII-3  (PRN 23)
1 45854U 20041A   26223.81856889 -.00000069  00000+0  00000+0 0  9995
2 45854  56.7057  26.7881 0066587 204.9573 328.1013  2.00557063 45153
GPS BIII-4  (PRN 14)
1 46826U 20078A   26223.34661036  .00000033  00000+0  00000+0 0  9991
2 46826  53.9742 208.5422 0075346 208.1926 322.4504  2.00564962 42611
GPS BIII-5  (PRN 11)
1 48859U 21054A   26223.36230285 -.00000095  00000+0  00000+0 0  9993
2 48859  55.1441 330.2414 0027468 229.2145 139.0545  2.00565303 37860
GPS BIII-6  (PRN 28)
1 55268U 23009A   26221.53829619 -.00000021  00000+0  00000+0 0  9998
2 55268  55.1257 146.4216 0006127 324.8673 205.3516  2.00567811 26310
GPS BIII-7  (PRN 01)
1 62339U 24242A   26223.68660347 -.00000097  00000+0  00000+0 0  9997
2 62339  54.8218 331.9311 0018360   3.0339   1.0354  2.00572579 12373
GPS BIII-8  (PRN 21)
1 64202U 25116A   26222.18626049 -.00000058  00000+0  00000+0 0  9991
2 64202  55.2713  28.9605 0008528 338.3947 205.4495  2.00571653  8959
GPS BIII-9  (PRN 20)
1 67588U 26017A   26222.54066951 -.00000010  00000+0  00000+0 0  9990
2 67588  55.1244  86.5735 0020987 261.4193  98.4234  2.00569776432701
GPS BIII-10 (PRN 13)
1 68791U 26087A   26216.52106288  .00000096  00000+0  00000+0 0  9996
2 68791  54.9608 205.8772 0020685 104.7050  74.5043  2.00574240  1800
GSAT0101 (GALILEO-PFM)
1 37846U 11060A   26221.81420696 -.00000099  00000+0  00000+0 0  9992
2 37846  56.9749 340.3085 0001473  69.3728 290.6470  1.70475554 92033
GSAT0102 (GALILEO-FM2)
1 37847U 11060B   26223.49277023 -.00000104  00000+0  00000+0 0  9990
2 37847  56.9738 340.2633 0001707 344.1467  11.7159  1.70475809 92066
GSAT0103 (GALILEO-FM3)
1 38857U 12055A   26223.02840531 -.00000015  00000+0  00000+0 0  9997
2 38857  55.8387 100.0397 0002682 314.3118  45.7466  1.70473345 85940
GSAT0201 (GALILEO 5)
1 40128U 14050A   26223.39341705  .00000001  00000+0  00000+0 0  9991
2 40128  48.8163 271.1678 1682128 181.5385 177.9202  1.85519630 79347
GSAT0202 (GALILEO 6)
1 40129U 14050B   26223.10977987  .00000006  00000+0  00000+0 0  9993
2 40129  48.8337 270.2656 1683466 182.2430 176.9449  1.85520231 81504
GSAT0203 (GALILEO 7)
1 40544U 15017A   26216.31258824 -.00000079  00000+0  00000+0 0  9996
2 40544  56.7688 340.2856 0003311 250.5221 109.4550  1.70476292 70023
GSAT0204 (GALILEO 8)
1 40545U 15017B   26223.02092683 -.00000103  00000+0  00000+0 0  9990
2 40545  56.7722 340.1214 0003846 236.0943 123.8734  1.70475677 33189
GSAT0206 (GALILEO 10)
1 40890U 15045B   26217.73023992  .00000086  00000+0  00000+0 0  9991
2 40890  54.9350 220.2359 0002191 332.8672  27.1420  1.70473359 67880
GSAT0209 (GALILEO 12)
1 41174U 15079A   26222.00488927 -.00000018  00000+0  00000+0 0  9999
2 41174  55.8587  99.7846 0004349   5.6412 354.4386  1.70473700 65696
GSAT0208 (GALILEO 11)
1 41175U 15079B   26222.22524444 -.00000017  00000+0  00000+0 0  9998
2 41175  55.8576  99.7755 0003880   6.4608 353.6204  1.70473466 66116
GSAT0211 (GALILEO 14)
1 41549U 16030A   26222.93520007  .00000056  00000+0  00000+0 0  9992
2 41549  55.0842 220.1885 0003657 321.5796  38.4005  1.70473358 63602
GSAT0210 (GALILEO 13)
1 41550U 16030B   26217.32658418  .00000085  00000+0  00000+0 0  9991
2 41550  55.0845 220.3409 0004656 249.3443 110.6257  1.70473686 63502
GSAT0207 (GALILEO 15)
1 41859U 16069A   26222.88469748 -.00000016  00000+0  00000+0 0  9993
2 41859  55.5314  99.5717 0003840 349.1293  10.9422  1.70473529 60334
GSAT0212 (GALILEO 16)
1 41860U 16069B   26223.32466205 -.00000015  00000+0  00000+0 0  9999
2 41860  55.5290  99.5545 0004163  26.0128 334.0903  1.70473647 60598
GSAT0213 (GALILEO 17)
1 41861U 16069C   26223.10516531 -.00000015  00000+0  00000+0 0  9994
2 41861  55.5313  99.5686 0003128 324.5261  35.5341  1.70474100 60454
GSAT0214 (GALILEO 18)
1 41862U 16069D   26222.66490662 -.00000017  00000+0  00000+0 0  9993
2 41862  55.5294  99.5734 0002542 337.5932  22.4742  1.70473645 60571
GSAT0215 (GALILEO 19)
1 43055U 17079A   26223.15412183  .00000053  00000+0  00000+0 0  9997
2 43055  55.0622 219.9938 0003747 275.1526  84.8085  1.70474107 53922
GSAT0216 (GALILEO 20)
1 43056U 17079B   26210.54048316  .00000080  00000+0  00000+0 0  9990
2 43056  55.0654 220.3407 0004991 279.6092  80.3696  1.70474452 53724
GSAT0217 (GALILEO 21)
1 43057U 17079C   26214.28075665  .00000078  00000+0  00000+0 0  9990
2 43057  55.0626 220.2355 0004258 291.9902  67.9813  1.70474265 53777
GSAT0218 (GALILEO 22)
1 43058U 17079D   26216.26058223  .00000082  00000+0  00000+0 0  9997
2 43058  55.0625 220.1786 0005474 276.8699  83.0848  1.70474225 53830
GSAT0221 (GALILEO 25)
1 43564U 18060A   26223.79039490 -.00000104  00000+0  00000+0 0  9997
2 43564  57.1481 340.2805 0003423 272.4768  87.4887  1.70476153 50113
GSAT0222 (GALILEO 26)
1 43565U 18060B   26223.42354534 -.00000103  00000+0  00000+0 0  9996
2 43565  57.1516 340.2941 0003626 235.8707 124.0991  1.70475946 50152
GSAT0219 (GALILEO 23)
1 43566U 18060C   26223.05778015 -.00000102  00000+0  00000+0 0  9999
2 43566  57.1510 340.3054 0002386 278.4724  81.5044  1.70476164 50123
GSAT0220 (GALILEO 24)
1 43567U 18060D   26222.69222593 -.00000101  00000+0  00000+0 0  9993
2 43567  57.1509 340.3152 0002844 271.9981  87.9730  1.70475800 50109
GSAT0223 (GALILEO 27)
1 49809U 21116A   26222.54233699 -.00000101  00000+0  00000+0 0  9997
2 49809  57.1393 340.2082 0003182 207.2120 151.6477  1.70476006 29101
GSAT0224 (GALILEO 28)
1 49810U 21116B   26223.54035339 -.00000103  00000+0  00000+0 0  9993
2 49810  57.1406 340.1799 0002461 198.5324 165.4720  1.70476126 29151
GSAT0225 (GALILEO 29)
1 59598U 24079A   26223.83648640 -.00000014  00000+0  00000+0 0  9996
2 59598  55.1540  99.5241 0001500  98.5343  80.3725  1.70473666 14264
GSAT0227 (GALILEO 30)
1 59600U 24079C   26216.10294359 -.00000002  00000+0  00000+0 0  9993
2 59600  55.1430  99.7387 0003345  77.4683 282.6443  1.70473896 14181
GSAT0232 (GALILEO 32)
1 61182U 24167A   26222.78602306  .00000057  00000+0  00000+0 0  9994
2 61182  55.1741 219.8155 0006312 234.1199 123.1872  1.70473740 11802
GSAT0226 (GALILEO 31)
1 61183U 24167B   26223.52815057  .00000049  00000+0  00000+0 0  9998
2 61183  55.1728 219.8022 0003128 242.0705 302.0279  1.70473744 11795
GSAT0233 (GALILEO 33)
1 67160U 25302A   26223.86840071 -.00000016  00000+0  00000+0 0  9997
2 67160  54.3688 100.5438 0001815 136.9771 352.4875  1.70473789  4077
GSAT0234 (GALILEO 34)
1 67162U 25302C   26215.45009963  .00000000  00000+0  00000+0 0  9994
2 67162  54.3666 100.7834 0001603  30.3020 152.7335  1.70474042  3980
COSMOS 2433 (720)
1 32275U 07052A   26223.75732031 -.00000054  00000+0  00000+0 0  9994
2 32275  65.5421 314.0634 0004465 213.0790 146.9418  2.13104092146248
COSMOS 2432 (719)
1 32276U 07052B   26223.36544214 -.00000054  00000+0  00000+0 0  9996
2 32276  65.5583 314.2055 0007844 313.2940  49.7687  2.13103106146266
COSMOS 2434 (721)
1 32393U 07065A   26223.10791347  .00000025  00000+0  00000+0 0  9990
2 32393  64.3207 190.0635 0001167 342.9878 128.3875  2.13101172144948
COSMOS 2436 (723)
1 32395U 07065C   26222.44478794  .00000033  00000+0  00000+0 0  9995
2 32395  64.3292 190.1587 0017324 354.8318  99.8915  2.13099912144882
COSMOS 2456 (730)
1 36111U 09070A   26223.45722970  .00000016  00000+0  00000+0 0  9994
2 36111  65.0452  69.0878 0002689 350.9162 186.9006  2.13103512129601
COSMOS 2457 (733)
1 36112U 09070B   26223.75508100  .00000014  00000+0  00000+0 0  9993
2 36112  65.0314  68.9206 0005173 124.6244  48.5960  2.13100935129619
COSMOS 2460 (732)
1 36402U 10007C   26223.52118927 -.00000051  00000+0  00000+0 0  9998
2 36402  65.3851 312.5940 0001983 182.2012 173.5422  2.13101544127900
COSMOS 2476 (744)
1 37867U 11064A   26221.23112228  .00000014  00000+0  00000+0 0  9990
2 37867  65.3012  71.0818 0022020 233.3345 305.0022  2.13103749114899
COSMOS 2477 (745)
1 37868U 11064B   26223.37953833  .00000018  00000+0  00000+0 0  9997
2 37868  65.3093  71.0892 0018965 233.5132 333.1945  2.13102828114938
COSMOS 2475 (743)
1 37869U 11064C   26222.22682066  .00000018  00000+0  00000+0 0  9998
2 37869  65.3164  71.1499 0024380 248.1701 109.1030  2.13101593114916
COSMOS 2485 (747)
1 39155U 13019A   26220.93632500  .00000014  00000+0  00000+0 0  9990
2 39155  65.4505  71.8352 0022629 227.9766 131.9105  2.13103106103401
COSMOS 2492 (754)
1 39620U 14012A   26219.48740744 -.00000053  00000+0  00000+0 0  9993
2 39620  65.2645 312.1925 0010570 313.5824  46.3737  2.13103427 96336
COSMOS 2500 (755)
1 40001U 14032A   26222.94129769 -.00000050  00000+0  00000+0 0  9990
2 40001  65.1971 311.8176 0008932 196.2395 163.7818  2.13105856 94626
COSMOS 2501 (702K)
1 40315U 14075A   26222.26544613  .00000032  00000+0  00000+0 0  9998
2 40315  63.6187 188.5003 0022543 212.0507 147.7895  2.13101231 91009
COSMOS 2514 (751)
1 41330U 16008A   26223.18864029 -.00000049  00000+0  00000+0 0  9991
2 41330  64.9852 311.1181 0013106 205.0025 154.9858  2.13102547 81798
COSMOS 2522 (752)
1 42939U 17055A   26222.55690024  .00000031  00000+0  00000+0 0  9992
2 42939  64.0813 190.0343 0010371 239.5236 120.3508  2.13101799 69134
COSMOS 2527 (756)
1 43508U 18053A   26223.45762640  .00000019  00000+0  00000+0 0  9994
2 43508  65.6094  72.0649 0006439 220.0078 140.0286  2.13101957 63459
COSMOS 2529 (757)
1 43687U 18086A   26223.55364082  .00000021  00000+0  00000+0 0  9990
2 43687  64.2977 190.7252 0011724 255.9168 103.9253  2.13101793 60468
COSMOS 2534 (758)
1 44299U 19030A   26223.61294311  .00000021  00000+0  00000+0 0  9994
2 44299  64.3710 190.7506 0012984 275.0512 264.8989  2.13102053 56100
COSMOS 2544 (759)
1 44850U 19088A   26222.93283641  .00000020  00000+0  00000+0 0  9997
2 44850  65.5971  71.9050 0011843 250.5225 109.4332  2.13102836 51886
COSMOS 2545 (760)
1 45358U 20018A   26221.25070076 -.00000050  00000+0  00000+0 0  9990
2 45358  64.3197 310.5538 0010722 231.8418 128.1090  2.13102539 49797
COSMOS 2547 (705K)
1 46805U 20075A   26223.31768978  .00000024  00000+0  00000+0 0  9995
2 46805  64.6021 190.6359 0009236 238.9265 120.9565  2.13099766 45080
COSMOS 2557 (706K)
1 52984U 22075A   26223.48164325 -.00000052  00000+0  00000+0 0  9998
2 52984  64.2625 312.5371 0011589 269.7104  90.2073  2.13102180 31890
COSMOS 2559 (707K)
1 54031U 22130A   26222.36288204 -.00000053  00000+0  00000+0 0  9995
2 54031  64.2356 312.6575 0013399 184.1382 175.8975  2.13101637 29841
COSMOS 2564 (761)
1 54377U 22161A   26223.61365471  .00000022  00000+0  00000+0 0  9998
2 54377  64.7444 190.8724 0011816 223.1949 136.6851  2.13101955 28811
COSMOS 2569 (703K)
1 57517U 23114A   26223.15661568  .00000018  00000+0  00000+0 0  9996
2 57517  65.3352  70.7677 0008911 293.3543  66.6347  2.13103789 23431
COSMOS 2584 (704K)
1 63130U 25042A   26223.51265414  .00000017  00000+0  00000+0 0  9995
2 63130  65.1171  70.9221 0006183 209.5651 150.4825  2.13103557 11221
COSMOS 2596 (708K)
1 65590U 25206B   26222.44355878 -.00000054  00000+0  00000+0 0  9996
2 65590  64.5992 313.0959 0011510 304.2891  71.3374  2.13100662  7077
BEIDOU-2 M3 (C11)
1 38250U 12018A   26221.34756809 -.00000050  00000+0  00000+0 0  9999
2 38250  55.7090 303.0823 0021938 271.8456  87.9622  1.86229831 96932
BEIDOU-2 M4 (C12)
1 38251U 12018B   26222.35387515 -.00000049  00000+0  00000+0 0  9994
2 38251  55.6081 302.2578 0013099 271.5249  88.3881  1.86229494 96955
BEIDOU-2 M6 (C14)
1 38775U 12050B   26221.52635802 -.00000016  00000+0  00000+0 0  9998
2 38775  56.5925  61.1319 0012061   4.1071 355.9749  1.86230845 94303
BEIDOU-3S M2S (C58)
1 40748U 15037A   26223.09228699 -.00000046  00000+0  00000+0 0  9998
2 40748  54.8191 300.1541 0010620 257.3193 102.6299  1.86231963 75141
BEIDOU-3S M1S (C57)
1 40749U 15037B   26223.29297657 -.00000047  00000+0  00000+0 0  9992
2 40749  54.8154 300.1334 0002082  58.3822 301.7063  1.86254756 75159
BEIDOU-3 M1 (C19)
1 43001U 17069A   26222.90254791 -.00000016  00000+0  00000+0 0  9998
2 43001  56.7414  61.2838 0008224 328.3440  31.6792  1.86230719 59622
BEIDOU-3 M2 (C20)
1 43002U 17069B   26204.04789801 -.00000073  00000+0  00000+0 0  9992
2 43002  56.6891  61.9501 0011760 313.3200  46.6462  1.86399307 59261
BEIDOU-3 M7 (C27)
1 43107U 18003A   26223.12053251 -.00000048  00000+0  00000+0 0  9992
2 43107  54.2760 300.3977 0003873 103.7705 256.3397  1.86228063 58378
BEIDOU-3 M8 (C28)
1 43108U 18003B   26223.06445068 -.00000048  00000+0  00000+0 0  9997
2 43108  54.2689 300.3809 0003688 257.4571 102.5687  1.86230860 58388
BEIDOU-3 M4 (C22)
1 43207U 18018A   26221.89693495 -.00000015  00000+0  00000+0 0  9995
2 43207  56.6994  61.3793 0006962  36.3766 323.7436  1.86230772 57747
BEIDOU-3 M3 (C21)
1 43208U 18018B   26221.96344285 -.00000015  00000+0  00000+0 0  9994
2 43208  56.6992  61.3810 0006649 350.0064  10.0532  1.86230676 57741
BEIDOU-3 M9 (C29)
1 43245U 18029A   26223.25556149 -.00000043  00000+0  00000+0 0  9996
2 43245  54.1414 298.0200 0001553 209.0825 150.9794  1.86227951 56928
BEIDOU-3 M10 (C30)
1 43246U 18029B   26223.72659375 -.00000045  00000+0  00000+0 0  9996
2 43246  54.1385 298.0304 0002754  29.7152 330.3720  1.86229024 56910
BEIDOU-3 M5 (C23)
1 43581U 18062A   26223.41343657  .00000000  00000+0  00000+0 0  9994
2 43581  54.0853 180.4273 0005217 298.1888  61.7113  1.86228695 54669
BEIDOU-3 M6 (C24)
1 43582U 18062B   26223.27714565  .00000001  00000+0  00000+0 0  9990
2 43582  54.0850 180.4212 0005653  15.9248 344.0460  1.86227994 54662
BEIDOU-3 M12 (C26)
1 43602U 18067A   26223.21563757  .00000000  00000+0  00000+0 0  9996
2 43602  54.1810 179.1750 0008249  32.1718 327.8317  1.86227490 54145
BEIDOU-3 M11 (C25)
1 43603U 18067B   26223.35085052 -.00000001  00000+0  00000+0 0  9991
2 43603  54.1783 179.1338 0004845  17.3152 342.6542  1.86227005 54172
BEIDOU-3 M13 (C32)
1 43622U 18072A   26221.15750663 -.00000017  00000+0  00000+0 0  9998
2 43622  56.6724  60.9136 0005185 335.6711  24.3757  1.86231220 53640
BEIDOU-3 M14 (C33)
1 43623U 18072B   26221.02292946 -.00000017  00000+0  00000+0 0  9990
2 43623  56.6739  60.9123 0004850  19.8931 340.1969  1.86231235 53635
BEIDOU-3 M16 (C35)
1 43647U 18078A   26222.78838688 -.00000042  00000+0  00000+0 0  9993
2 43647  54.0375 298.0688 0006216  36.8200 323.2918  1.86232238 53174
BEIDOU-3 M15 (C34)
1 43648U 18078B   26222.38115253 -.00000041  00000+0  00000+0 0  9995
2 43648  54.0337 298.0832 0002933  50.0731 310.0206  1.86227406 53189
BEIDOU-3 M17 (C36)
1 43706U 18093A   26223.91638022 -.00000001  00000+0  00000+0 0  9997
2 43706  54.1691 180.4066 0009588 297.8229 262.8551  1.86228248 52571
BEIDOU-3 M18 (C37)
1 43707U 18093B   26223.48079903  .00000000  00000+0  00000+0 0  9995
2 43707  54.1697 180.4135 0007931 328.5255  31.3795  1.86226519 52563
BEIDOU-3 M24 (C46)
1 44542U 19061A   26223.01173185  .00000004  00000+0  00000+0 0  9999
2 44542  54.3968 180.8798 0008881   3.8054 356.1555  1.86229233 46817
BEIDOU-3 M23 (C45)
1 44543U 19061B   26223.41121316  .00000001  00000+0  00000+0 0  9990
2 44543  54.3949 180.8347 0006011 347.7295 191.3069  1.86227364 46820
BEIDOU-3 M22 (C44)
1 44793U 19078A   26222.31547912 -.00000041  00000+0  00000+0 0  9992
2 44793  53.8839 297.9212 0005194  47.7138 312.3982  1.86227134 45658
BEIDOU-3 M21 (C43)
1 44794U 19078B   26223.52919153 -.00000044  00000+0  00000+0 0  9990
2 44794  53.8560 297.8384 0002995  43.2976 316.7972  1.86227572 45682
BEIDOU-3 M19 (C41)
1 44864U 19090A   26217.60147424 -.00000025  00000+0  00000+0 0  9997
2 44864  56.6034  61.1588 0016051 296.1739 247.4520  1.86231297 45159
BEIDOU-3 M20 (C42)
1 44865U 19090B   26222.55570655 -.00000016  00000+0  00000+0 0  9994
2 44865  56.6101  61.0296 0013535 311.4926  43.2615  1.86231131 45225
BEIDOU-3 M28 (C50)
1 58654U 23207A   26221.99511506 -.00000019  00000+0  00000+0 0  9990
2 58654  55.8029  60.4891 0001649  23.5292 336.5497  1.86229615 17847
BEIDOU-3 M26 (C48)
1 58655U 23207B   26222.86653072 -.00000020  00000+0  00000+0 0  9995
2 58655  55.8059  60.4463 0001012 315.9749  44.0883  1.86229582 17848
BEIDOU-3 M25 (C47)
1 61186U 24168B   26223.84066537 -.00000050  00000+0  00000+0 0  9991
2 61186  54.4205 300.3054 0003845 287.3976 123.3381  1.86229877 12825
BEIDOU-3 M27 (C49)
1 61187U 24168C   26223.57578771 -.00000049  00000+0  00000+0 0  9998
2 61187  54.4164 300.2974 0000520   8.5692 359.6205  1.86229923 10295
DMSP 5D-3 F16 (USA 172)
1 28054U 03048A   26223.85625507 -.00000029  00000+0  85746-5 0  9993
2 28054  98.9886 248.0498 0006928 359.1356 174.3344 14.14486207177357
DMSP 5D-3 F17 (USA 191)
1 29522U 06050A   26223.89006617  .00000014  00000+0  29764-4 0  9999
2 29522  98.7406 229.3263 0008907 255.6759 104.3426 14.15000242 20300
FENGYUN 3A
1 32958U 08026A   26223.79957248  .00000008  00000+0  24548-4 0  9993
2 32958  98.6896 163.5963 0008244 335.4038  24.6744 14.19581173943296
DMSP 5D-3 F18 (USA 210)
1 35951U 09057A   26223.86471525  .00000154  00000+0  10272-3 0  9991
2 35951  98.9091 204.5264 0012281  92.3124 267.9456 14.14925561867467
FENGYUN 3B
1 37214U 10059A   26223.82305611 -.00000245  00000+0 -10342-3 0  9998
2 37214  98.9594 270.0623 0022693  31.5422  56.8383 14.14851102815297
SUOMI NPP
1 37849U 11061A   26223.88337067  .00000023  00000+0  31757-4 0  9998
2 37849  98.7965 164.3830 0002211 135.0154 225.1201 14.19527320766340
METOP-B
1 38771U 12049A   26223.86865654  .00000037  00000+0  36498-4 0  9998
2 38771  98.6466 274.2460 0002583 157.8056 202.3234 14.21452389721175
FENGYUN 3C
1 39260U 13052A   26223.87569568  .00000031  00000+0  37131-4 0  9992
2 39260  98.5034 195.2078 0013787 219.7435 140.2730 14.15765769666444
METEOR-M 2
1 40069U 14037A   26223.89422244  .00000140  00000+0  83342-4 0  9992
2 40069  98.5160 197.6735 0004732 228.2582 131.8192 14.21476286627239
SENTINEL-3A
1 41335U 16011A   26223.82952159  .00000028  00000+0  29650-4 0  9996
2 41335  98.6213 290.4033 0001079  87.7196 272.4108 14.26736838545997
CYGFM05
1 41884U 16078A   26223.48201424  .00012723  00000+0  15825-3 0  9995
2 41884  34.9553 253.7776 0006075 302.2719  57.7418 15.59027240537388
CYGFM04
1 41885U 16078B   26223.33159090  .00017759  00000+0  17743-3 0  9996
2 41885  34.9299 219.4857 0003881 338.9638  21.0928 15.64620653537634
CYGFM02
1 41886U 16078C   26223.34399309  .00022596  00000+0  19501-3 0  9996
2 41886  34.9381 212.1631 0004267 342.9177  17.1406 15.68208752537823
CYGFM01
1 41887U 16078D   26223.44509424  .00013107  00000+0  15829-3 0  9996
2 41887  34.9384 254.6075 0005948 296.0591  63.9521 15.59793517537337
CYGFM08
1 41888U 16078E   26223.36653448  .00016410  00000+0  17563-3 0  9991
2 41888  34.9411 233.1394 0006095 328.6007  31.4354 15.62877555537606
CYGFM07
1 41890U 16078G   26223.38589843  .00017127  00000+0  18254-3 0  9997
2 41890  34.9425 221.3005 0004444 340.5969  19.4587 15.62989331537631
CYGFM03
1 41891U 16078H   26223.42123639  .00016879  00000+0  18001-3 0  9993
2 41891  34.9380 222.9878 0004477 323.2843  36.7576 15.62974939537618
FENGYUN 3D
1 43010U 17072A   26223.89271582 -.00000043  00000+0  14086-5 0  9993
2 43010  99.0172 199.3350 0000422 228.7208 131.3931 14.19749255452891
NOAA 20 (JPSS-1)
1 43013U 17073A   26223.82636544 -.00000010  00000+0  16144-4 0  9993
2 43013  98.7780 162.7978 0001995  91.9814 268.1591 14.19520631452362
SENTINEL-3B
1 43437U 18039A   26223.80265929  .00000032  00000+0  31356-4 0  9994
2 43437  98.6212 290.5263 0001630 104.5740 255.5622 14.26736812432050
METOP-C
1 43689U 18087A   26223.81490969  .00000032  00000+0  34599-4 0  9993
2 43689  98.6605 282.3897 0001560  60.3652 299.7681 14.21508710402736
METEOR-M2 2
1 44387U 19038A   26223.87936888  .00000079  00000+0  53887-4 0  9999
2 44387  98.9187 211.9987 0000912 156.3047 203.8173 14.24378813369222
ARKTIKA-M 1
1 47719U 21016A   26206.87236863 -.00000386  00000+0  00000+0 0  9993
2 47719  63.2598  51.9767 7301001 270.1217  14.4714  2.00607275 39563
FENGYUN 3E
1 49008U 21062A   26223.87048563 -.00000297  00000+0 -11919-3 0  9991
2 49008  98.7520 226.6635 0000746 332.5012  27.6125 14.19906947264484
NOAA 21 (JPSS-2)
1 54234U 22150A   26223.78773319  .00000006  00000+0  23295-4 0  9998
2 54234  98.7066 161.6442 0002703  56.0141 304.1291 14.19544863194435
TIANMU-1 03
1 55973U 23039A   26223.83471751  .00007936  00000+0  14986-3 0  9992
2 55973  97.5249  40.0547 0001503 231.3125 128.7991 15.48737298189440
TIANMU-1 04
1 55974U 23039B   26223.80177811  .00008276  00000+0  15270-3 0  9995
2 55974  97.5188  39.1802 0002202 232.3040 127.8011 15.49388340189455
TIANMU-1 05
1 55975U 23039C   26223.81824727  .00007580  00000+0  14363-3 0  9991
2 55975  97.5234  39.6322 0001044 270.0840  90.0291 15.48657296189426
TIANMU-1 06
1 55976U 23039D   26223.80887774  .00008119  00000+0  15042-3 0  9996
2 55976  97.5241  40.3152 0001528 263.2933  96.8144 15.49276342189453
FENGYUN 3G
1 56232U 23055A   26223.82102723  .00011664  00000+0  19446-3 0  9997
2 56232  49.9922  59.1272 0012228 244.3177 115.6528 15.52339079188654
METEOR-M2 3
1 57166U 23091A   26223.88663392 -.00000024  00000+0  82194-5 0  9995
2 57166  98.6044 277.7135 0004240  25.1127 335.0257 14.24050601162443
TIANMU-1 07
1 57399U 23101A   26223.88382906  .00003111  00000+0  10841-3 0  9991
2 57399  97.2560 273.2827 0000987 346.3198  13.8016 15.30386607170166
TIANMU-1 08
1 57400U 23101B   26223.85035896  .00003102  00000+0  10810-3 0  9990
2 57400  97.2547 273.0125 0001895 291.1677  68.9361 15.30387079170158
TIANMU-1 09
1 57401U 23101C   26223.83228788  .00003238  00000+0  11256-3 0  9998
2 57401  97.2505 272.3829 0001558 338.6659  21.4517 15.30438595170156
TIANMU-1 10
1 57402U 23101D   26223.86629483  .00003246  00000+0  11289-3 0  9994
2 57402  97.2585 273.5234 0002798 312.1371  47.9632 15.30412158170151
FENGYUN 3F
1 57490U 23111A   26223.85302500  .00000006  00000+0  23196-4 0  9991
2 57490  98.6802 292.8146 0000789  88.4099 271.7168 14.19947043156763
ARKTIKA-M 2
1 58584U 23198A   26219.10521235  .00000136  00000+0  00000+0 0  9990
2 58584  63.2149 148.6536 6917746 267.2755  18.7218  2.00601182 19348
TIANMU-1 11
1 58645U 23205A   26223.87568377  .00002768  00000+0  10551-3 0  9993
2 58645  97.3443 244.5759 0009486 155.5966 204.5724 15.27497303146028
TIANMU-1 12
1 58646U 23205B   26223.85376295  .00002910  00000+0  11192-3 0  9999
2 58646  97.3434 244.2842 0008747 141.1818 219.0051 15.27162634146003
TIANMU-1 13
1 58647U 23205C   26219.82288950  .00002956  00000+0  11372-3 0  9992
2 58647  97.3466 240.6093 0007728 134.9782 225.2085 15.27154962145386
TIANMU-1 14
1 58648U 23205D   26219.41346978  .00003186  00000+0  12213-3 0  9994
2 58648  97.3403 239.3480 0008427 141.3650 218.8193 15.27208256145324
TIANMU-1 19
1 58660U 23208A   26223.87206198  .00004046  00000+0  13205-3 0  9993
2 58660  97.4544 340.4997 0006435 113.6453 246.5464 15.32349484145854
TIANMU-1 20
1 58661U 23208B   26223.86667756  .00004105  00000+0  12899-3 0  9998
2 58661  97.4488 341.1879 0008446 121.1191 239.0881 15.33541431145954
TIANMU-1 21
1 58662U 23208C   26223.89884876  .00004900  00000+0  14203-3 0  9990
2 58662  97.4550 344.1494 0008470 114.5582 245.6545 15.36001769146115
TIANMU-1 22
1 58663U 23208D   26223.87379782  .00003895  00000+0  12954-3 0  9997
2 58663  97.4540 340.3880 0004938 129.7178 230.4500 15.31768051145858
TIANMU-1 15
1 58700U 24004A   26223.86573619  .00002769  00000+0  10676-3 0  9996
2 58700  97.4671  50.0657 0008416 131.8857 228.3101 15.27158619144271
TIANMU-1 16
1 58701U 24004B   26223.85332961  .00002655  00000+0  10216-3 0  9993
2 58701  97.4621  49.2552 0006789 143.2125 216.9581 15.27262070144279
TIANMU-1 17
1 58702U 24004C   26223.83886896  .00002846  00000+0  10936-3 0  9994
2 58702  97.4647  49.7457 0006213 146.7733 213.3897 15.27258203144265
TIANMU-1 18
1 58703U 24004D   26223.88207725  .00002714  00000+0  10469-3 0  9993
2 58703  97.4665  50.0542 0006141 129.9371 230.2408 15.27166563144271
METEOR-M2 4
1 59051U 24039A   26223.89418356 -.00000019  00000+0  11309-4 0  9995
2 59051  98.7061 182.5037 0007425  18.0518 342.0922 14.22434571127184
METOP-SGA1
1 65159U 25172A   26223.77869699  .00000012  00000+0  25163-4 0  9992
2 65159  98.6602 282.4005 0001292  81.3105 278.8219 14.21506125 51686
FENGYUN 3H
1 65815U 25219A   26223.85013439 -.00000006  00000+0  17377-4 0  9997
2 65815  98.6779 163.5405 0000745  87.3977 272.7284 14.19928443 45280
SCD 1
1 22490U 93009B   26223.46003824  .00000295  00000+0  30001-4 0  9993
2 22490  24.9685 226.2968 0041924   3.4248 154.1067 14.46138557769122
SCD 2
1 25504U 98060A   26223.88773714  .00000272  00000+0  25263-4 0  9991
2 25504  24.9954  88.6489 0016695 352.4741 111.2245 14.45542891468396
DLR-TUBSAT
1 25757U 99029B   26223.88769219  .00000000  00000+0  11869-4 0  9998
2 25757  98.6738 221.2352 0014214 176.0574 184.0735 14.52438665441335
MAROC-TUBSAT
1 27004U 01056D   26223.77692394 -.00000034  00000+0  14822-4 0  9995
2 27004  99.8119  41.6948 0019861   3.0966   9.9748 13.70264486233807
SHIYAN-1 (SY-1)
1 28220U 04012A   26223.80941581  .00006966  00000+0  20717-3 0  9998
2 28220  97.8673 305.5404 0005976 168.4277 191.7103 15.35079779219624
AURA
1 28376U 04026A   26223.85728058  .00000318  00000+0  74027-4 0  9991
2 28376  98.3457 180.7856 0001678  87.8738 272.2654 14.61401567174344
IRS-P5 (CARTOSAT-1)
1 28649U 05017A   26223.77587972  .00000447  00000+0  50297-4 0  9990
2 28649  97.5307 244.3207 0001041 127.5427 232.5887 14.91175424152100
SINAH 1
1 28893U 05043D   26223.81837500  .00000109  00000+0  30088-4 0  9991
2 28893  98.2931 358.4897 0015747 101.5520 258.7451 14.64191803108666
ARIRANG-2 (KOMPSAT-2)
1 29268U 06031A   26223.84339214  .00000234  00000+0  52328-4 0  9998
2 29268  97.8324  45.6051 0012952 256.5653 216.9924 14.64689369 69626
LAPAN-TUBSAT
1 29709U 07001A   26223.80720030 -.00000154  00000+0 -10995-4 0  9999
2 29709  98.1373 224.2950 0012546  11.4287 348.7210 14.85998430 59410
HAIYANG-1B
1 31113U 07010A   26223.87091190  .00000023  00000+0  24380-4 0  9992
2 31113  98.3548 203.5697 0014414  40.7498 319.4761 14.31039055  8602
TERRASAR-X
1 31698U 07026A   26222.53307678  .00000090  00000+0  74644-5 0  9993
2 31698  97.4474 229.4688 0001596  90.5512 269.5906 15.19145371 61478
WORLDVIEW-1 (WV-1)
1 32060U 07041A   26223.82339940  .00002919  00000+0  12235-3 0  9992
2 32060  97.3832 342.7808 0001576 114.7101 245.4300 15.24299187 51351
YAOGAN-3
1 32289U 07055A   26223.83351797  .00001175  00000+0  12465-3 0  9993
2 32289  97.8141 253.1617 0001401  94.0047 266.1331 14.90966897 14164
COSMO-SKYMED 2
1 32376U 07059A   26223.85724358  .00000147  00000+0  25050-4 0  9996
2 32376  97.8906  46.6549 0001510  90.6664 269.4722 14.82155278 10257
RADARSAT-2
1 32382U 07061A   26223.87457141 -.00000177  00000+0 -51617-4 0  9994
2 32382  98.5800 230.0155 0001290  84.1503 275.9826 14.29980019973910
CARTOSAT-2A
1 32783U 08021A   26223.85115208  .00000168  00000+0  29281-4 0  9999
2 32783  97.7603 270.6496 0010412 294.7003  65.3125 14.79300188987034
HUANJING 1A (HJ-1A)
1 33320U 08041A   26223.85906179  .00001037  00000+0  13015-3 0  9997
2 33320  97.6724 207.5613 0017981 320.2419  39.7477 14.84107226966664
HUANJING 1B (HJ-1B)
1 33321U 08041B   26223.85381693  .00000612  00000+0  80081-4 0  9992
2 33321  97.6559 210.5575 0036544   3.3423 356.8029 14.83413015966663
GEOEYE 1
1 33331U 08042A   26223.82926022  .00000163  00000+0  39602-4 0  9996
2 33331  98.1305 297.0975 0003437 231.1491 128.9405 14.64669238958299
THEOS
1 33396U 08049A   26223.84018177  .00000030  00000+0  34096-4 0  9994
2 33396  98.5541 279.3050 0001181  93.7372 266.3940 14.20139639925864
COSMO-SKYMED 3
1 33412U 08054A   26223.84736642  .00001291  00000+0  89741-4 0  9990
2 33412  97.8220  83.3360 0017310  78.3775 281.9393 15.07261330965323
YAOGAN-4
1 33446U 08061A   26223.82208755  .00000366  00000+0  51238-4 0  9994
2 33446  97.9303 156.9254 0012774 247.4876 112.4985 14.83294745953918
GOSAT (IBUKI)
1 33492U 09002A   26223.84321284  .00000257  00000+0  53804-4 0  9996
2 33492  98.0930 334.2383 0001221 106.3236 253.8102 14.67537471939620
DEIMOS-1
1 35681U 09041A   26223.87133882  .00000531  00000+0  85486-4 0  9995
2 35681  97.7465  18.7074 0002234  51.7338 308.4073 14.75288664915098
DUBAISAT-1
1 35682U 09041B   26223.84527817  .00000362  00000+0  61033-4 0  9992
2 35682  98.0121 356.5175 0009073 249.2862 110.7375 14.75204642913306
OCEANSAT-2
1 35931U 09051A   26223.88716366  .00000238  00000+0  18818-3 0  9997
2 35931  98.2383 205.1834 0018095  77.4368 282.8821 13.99670784887128
WORLDVIEW-2 (WV-2)
1 35946U 09055A   26223.83235588  .00000028  00000+0  23613-4 0  9991
2 35946  98.4734 296.5209 0005409  64.8279 295.3468 14.37913171883644
SMOS
1 36036U 09059A   26223.57824420  .00000132  00000+0  56088-4 0  9994
2 36036  98.4436  50.1039 0001399  95.5146 264.6202 14.39749040881420
YAOGAN-7
1 36110U 09069A   26223.66915222  .00000164  00000+0  29975-4 0  9999
2 36110  97.9985 109.1725 0023595 217.8540 142.1012 14.78055589897823
TANDEM-X
1 36605U 10030A   26222.46720890  .00000080  00000+0  70097-5 0  9999
2 36605  97.4473 229.4058 0001910  89.3837 270.7616 15.19145371894888
CARTOSAT-2B
1 36795U 10035A   26223.82943209  .00000129  00000+0  24719-4 0  9999
2 36795  97.9923 274.0111 0011805  18.3080 341.8553 14.78640207868079
YAOGAN-10
1 36834U 10038A   26223.86037647  .00000796  00000+0  98485-4 0  9991
2 36834  97.8975 246.8223 0001500  82.7372 354.5834 14.85500697865470
COSMO-SKYMED 4
1 37216U 10060A   26223.80240005  .00000438  00000+0  61603-4 0  9994
2 37216  97.8903  46.6028 0001450  83.4529 276.6849 14.82156171852805
RESOURCESAT-2
1 37387U 11015A   26223.83223691  .00000003  00000+0  21553-4 0  9997
2 37387  98.7608 290.8785 0012481  97.2583 263.0013 14.21604501794084
HAIYANG-2A
1 37781U 11043A   26223.18591954  .00000227  00000+0  29505-3 0  9996
2 37781  99.3421 224.5602 0001112 203.3826 156.7272 13.72465510754208
RASAT
1 37791U 11044D   26223.87132537  .00000290  00000+0  58672-4 0  9990
2 37791  98.0574 314.4179 0021079  19.5328 114.8073 14.68214017801353
PLEIADES 1A
1 38012U 11076F   26223.84469970  .00000001  00000+0  99405-5 0  9993
2 38012  98.1954 298.1907 0001172  73.7911  62.8697 14.58559163780108
ZIYUAN 1-02C (ZY 1-02C)
1 38038U 11079A   26223.87582190  .00000048  00000+0  30036-4 0  9992
2 38038  98.4044 290.0108 0007290 133.2350 315.6304 14.38253026767217
ARIRANG-3 (KOMPSAT-3)
1 38338U 12025B   26223.87117771  .00000164  00000+0  41722-4 0  9999
2 38338  98.1218 180.3837 0004267 311.2515  48.8319 14.62249129759489
EXACTVIEW-1 (ADS-1B)
1 38709U 12039C   26223.85129303  .00000022  00000+0  29226-4 0  9996
2 38709  98.9831 342.5133 0011045  17.0551 343.0996 14.24998620730636
SPOT 6
1 38755U 12047A   26223.83420611 -.00000068  00000+0 -47681-5 0  9998
2 38755  98.2091 290.4802 0001323  98.5422 261.5927 14.58550390741164
PLEIADES 1B
1 39019U 12068A   26223.85288861 -.00000065  00000+0 -42591-5 0  9998
2 39019  98.1925 298.1278 0001133  77.0784 283.0541 14.58546355728967
GOKTURK 2
1 39030U 12073A   26223.82216575 -.00000034  00000+0  18762-5 0  9995
2 39030  97.6805  58.4635 0001801 103.7232 256.4179 14.75588330732719
LANDSAT 8
1 39084U 13008A   26223.78471579  .00000130  00000+0  39010-4 0  9999
2 39084  98.2266 293.2490 0001273  93.6874 266.4470 14.57109153705993
SARAL
1 39086U 13009A   26223.83445734  .00000037  00000+0  29706-4 0  9999
2 39086  98.5564  49.7014 0002924 110.9096 249.2402 14.32901192703570
GAOFEN-1
1 39150U 13018A   26223.83574361  .00000455  00000+0  72382-4 0  9992
2 39150  97.9068 294.7618 0018430  87.0010 273.3309 14.76545541716450
VNREDSAT 1
1 39160U 13021B   26223.82742524 -.00000010  00000+0  66033-5 0  9999
2 39160  97.9049 275.0953 0001659  81.1042 279.0349 14.64719287708432
ARIRANG-5 (KOMPSAT-5)
1 39227U 13042A   26223.10204712  .00000678  00000+0  52773-4 0  9993
2 39227  97.6218  49.0345 0002394 341.7723  18.3417 15.04477596712112
SKYSAT-A
1 39418U 13066C   26223.67505258  .00001556  00000+0  90627-4 0  9998
2 39418  97.3778 271.3013 0022831 120.2414 240.1082 15.13247261696870
DUBAISAT-2
1 39419U 13066D   26223.85399534  .00001860  00000+0  11651-3 0  9994
2 39419  97.4598 212.5658 0010253 193.3385 166.7576 15.10534223694791
GPM-CORE
1 39574U 14009C   26223.87600829  .00005590  00000+0  12130-3 0  9995
2 39574  64.9715 121.4903 0010752 269.3557  90.6352 15.45431770706414
SENTINEL-1A
1 39634U 14016A   26223.90938520 -.00000067  00000+0 -45338-5 0  9990
2 39634  98.1586 230.5866 0001389  83.4185 276.7173 14.59479177658145
KAZEOSAT 1
1 39731U 14024A   26223.80797378 -.00000030  00000+0  39623-5 0  9999
2 39731  98.3180 294.8602 0001176  91.7207 268.4118 14.42045322646571
KAZEOSAT 2
1 40010U 14033A   26223.80123134  .00000253  00000+0  35098-4 0  9991
2 40010  97.5389  60.4721 0009615 127.9679 232.2407 14.85528565657210
HODOYOSHI-4
1 40011U 14033B   26223.84118880  .00000193  00000+0  26434-4 0  9995
2 40011  97.5468  45.9880 0024761 118.9113 241.4592 14.88245645657085
DEIMOS-2
1 40013U 14033D   26223.84786786  .00000434  00000+0  46015-4 0  9998
2 40013  97.5748  96.3631 0001928 100.7230 259.4207 14.93854498646034
HODOYOSHI-3
1 40015U 14033F   26223.42157714  .00000613  00000+0  76379-4 0  9992
2 40015  97.6480  24.2619 0033053 170.1341 190.0531 14.85492229655822
SPOT 7
1 40053U 14034A   26223.86231674 -.00000044  00000+0  25843-6 0  9992
2 40053  98.0598 284.9084 0001644  82.4741 277.6647 14.60999135645268
SKYSAT-B
1 40072U 14037D   26223.86785448  .00000546  00000+0  65913-4 0  9995
2 40072  98.3884 186.0254 0006983  95.7617 264.4394 14.88147764654245
WORLDVIEW-3 (WV-3)
1 40115U 14048A   26223.82197360  .00000322  00000+0  43934-4 0  9992
2 40115  97.8534 297.8795 0002778 111.9683 248.1827 14.85100175650161
GAOFEN-2
1 40118U 14049A   26223.85094859 -.00000226  00000+0 -22252-4 0  9993
2 40118  98.0079 287.9943 0008587  58.4214 301.7835 14.80959275647478
YAOGAN-21
1 40143U 14053A   26223.67606852  .00003195  00000+0  12299-3 0  9993
2 40143  97.1446 261.5455 0005993 251.2288 108.8301 15.27050443663420
YAOGAN-22
1 40275U 14063A   26223.85501777 -.00000041  00000+0  15519-4 0  9997
2 40275 100.7805  16.0719 0006836  68.0466 292.1372 13.15532385567132
ASNARO
1 40298U 14070A   26223.86739929  .00003569  00000+0  17020-3 0  9998
2 40298  97.3428 298.4749 0002907  15.0773 345.0548 15.19715711652462
YAOGAN-24
1 40310U 14072A   26223.86936531  .00000295  00000+0  50327-4 0  9994
2 40310  98.1554   1.6929 0015842  86.4691 273.8329 14.76148929631930
CBERS 4
1 40336U 14079A   26223.86820522 -.00000166  00000+0 -43180-4 0  9999
2 40336  98.3501 278.9411 0000939 123.2188 236.9089 14.35521018611940
YAOGAN-26
1 40362U 14088A   26223.90408970  .00007404  00000+0  13631-3 0  9999
2 40362  97.0665 222.8981 0004030 163.4034 196.7350 15.49452078646327
SMAP
1 40376U 15003A   26223.87463395  .00000172  00000+0  42329-4 0  9992
2 40376  98.1301 230.1856 0001370  90.7003 269.4356 14.63349296615766
KOMPSAT-3A
1 40536U 15014A   26223.88878983  .00017511  00000+0  23054-3 0  9994
2 40536  97.6903 219.4572 0050295 335.3219  24.5629 15.56977522630478
SENTINEL-2A
1 40697U 15028A   26223.80910172  .00000016  00000+0  22621-4 0  9998
2 40697  98.5662 297.8624 0001330  88.6849 271.4486 14.30820634581683
GAOFEN-8
1 40701U 15030A   26223.84720169  .00010252  00000+0  19886-3 0  9997
2 40701  97.6883  60.6377 0008116   4.5654 355.5668 15.47851344620057
CARBONITE 1 (CBNT-1)
1 40718U 15032D   26223.82223639  .00000386  00000+0  52671-4 0  9992
2 40718  97.6538  39.5755 0015790 109.3983 250.8940 14.83740629597596
YAOGAN-27
1 40878U 15040A   26223.90379407 -.00000309  00000+0 -70318-3 0  9996
2 40878 100.1201 207.8789 0008979  85.5601 274.6539 13.16072732524990
GAOFEN-9 01
1 40894U 15047A   26223.86463955  .00000411  00000+0  56648-4 0  9991
2 40894  97.6252 257.0245 0026191 319.9203  40.0078 14.82977701588443
YAOGAN-28
1 41026U 15064A   26223.86483917  .00003559  00000+0  13261-3 0  9997
2 41026  97.3143   1.0403 0010247   2.8240 357.3056 15.28058294599185
KENT RIDGE 1
1 41167U 15077B   26223.62434786  .00002385  00000+0  66165-4 0  9999
2 41167  14.9786 213.6092 0008231 300.9754  58.9759 15.23421808589561
JASON-3
1 41240U 16002A   26223.84738956 -.00000048  00000+0  58093-4 0  9996
2 41240  66.0435   8.8128 0008163 268.1371  91.8713 12.87625879494416
ZIYUAN 3-02 (ZY 3-02)
1 41556U 16033A   26223.83541243  .00002715  00000+0  12403-3 0  9996
2 41556  97.3811 298.5299 0014553  98.4980 261.7906 15.21336770566443
CARTOSAT-2C
1 41599U 16040A   26223.84750924  .00001081  00000+0  54578-4 0  9995
2 41599  97.4449 283.0458 0007931 304.6568  55.3918 15.19205266562167
SKYSAT-C1
1 41601U 16040C   26223.62962804  .00004265  00000+0  11937-3 0  9995
2 41601  96.9543 252.3681 0003273 141.2018 218.9463 15.37141132566388
LAPAN-A3
1 41603U 16040E   26223.85999949  .00001792  00000+0  57730-4 0  9996
2 41603  97.1532 218.1999 0010467 164.9745 195.1811 15.33421322563349
GAOFEN-3
1 41727U 16049A   26223.86378546 -.00000113  00000+0 -21045-4 0  9995
2 41727  98.4034 230.8134 0001488  68.5279 291.6069 14.42220976526676
SKYSAT-C4
1 41771U 16058B   26223.61499223  .00008056  00000+0  14421-3 0  9994
2 41771  96.9158 243.1253 0003724  83.5566 276.6110 15.50213165554050
SKYSAT-C5
1 41772U 16058C   26223.67588597  .00003529  00000+0  10939-3 0  9994
2 41772  97.0441 261.7998 0004302 102.2049 257.9677 15.34039687552255
SKYSAT-C2
1 41773U 16058D   26223.78404124  .00005994  00000+0  13685-3 0  9999
2 41773  97.0159 243.8276 0003063 162.1549 197.9808 15.43223231553626
SKYSAT-C3
1 41774U 16058E   26223.59667608  .00011754  00000+0  17795-3 0  9994
2 41774  96.8983 252.3902 0003457 103.8876 256.2764 15.54797384554710
ALSAT-1B
1 41785U 16059C   26223.90143821 -.00000008  00000+0  61524-5 0  9990
2 41785  97.7771 230.2654 0010588  52.4051 307.8117 14.72311196528777
PATHFINDER 1
1 41787U 16059E   26223.56308012  .00000272  00000+0  55675-4 0  9990
2 41787  97.8200 220.3489 0029227  32.3881 327.9111 14.67722670527831
SCATSAT 1
1 41790U 16059H   26223.73551715  .00000570  00000+0  81407-4 0  9996
2 41790  98.1152 288.0653 0055766  69.6878 291.0313 14.79647926109806
GOKTURK 1A
1 41875U 16073A   26223.85749351 -.00000072  00000+0 -50607-5 0  9992
2 41875  98.1173 117.6395 0001425  81.5770 278.5593 14.62808203516968
RESOURCESAT-2A
1 41877U 16074A   26223.81363909  .00000093  00000+0  62355-4 0  9995
2 41877  98.7505 296.8542 0001011 286.1222  73.9844 14.21615188502206
CARTOSAT-2D
1 41948U 17008A   26223.81303843  .00002198  00000+0  10746-3 0  9997
2 41948  97.4076 282.0657 0005912  59.1112 301.0703 15.19254992526023
SENTINEL-2B
1 42063U 17013A   26223.80189880  .00000010  00000+0  20351-4 0  9999
2 42063  98.5671 297.7827 0001252  90.8515 269.2811 14.30821259492596
CARTOSAT-2E
1 42767U 17036C   26223.83092360  .00002518  00000+0  12284-3 0  9994
2 42767  97.4241 282.7021 0004451 108.4065 251.7654 15.19199489506596
FORMOSAT-5
1 42920U 17049A   26223.84408480  .00000026  00000+0  17729-4 0  9996
2 42920  98.2226 297.9092 0010156 272.1595  87.8437 14.50899629474746
SENTINEL-5P
1 42969U 17064A   26223.81516894  .00000000  00000+0  21155-4 0  9992
2 42969  98.7940 165.5553 0001312  86.9144 273.2182 14.19527043457454
SKYSAT-C11
1 42987U 17068A   26223.37475968  .00015292  00000+0  18561-3 0  9998
2 42987  97.4403  14.7473 0001737 121.5928 238.5498 15.60702750491849
SKYSAT-C10
1 42988U 17068B   26223.82918428  .00004673  00000+0  13765-3 0  9994
2 42988  97.4569   1.2778 0001729 100.5615 259.5823 15.35548610490897
SKYSAT-C9
1 42989U 17068C   26223.84492544  .00006533  00000+0  15125-3 0  9992
2 42989  97.4489   2.7747 0006585 298.9704  61.0883 15.42790282491331
SKYSAT-C8
1 42990U 17068D   26223.84474141  .00005336  00000+0  14522-3 0  9997
2 42990  97.4586   1.3092 0001498 107.9264 252.2144 15.37960993490860
SKYSAT-C7
1 42991U 17068E   26223.84019756  .00005228  00000+0  14259-3 0  9992
2 42991  97.4598   2.2980 0004226 263.0660  97.0104 15.37901905490922
SKYSAT-C6
1 42992U 17068F   26223.84770838  .00004462  00000+0  13777-3 0  9991
2 42992  97.4636   2.0250 0001896  44.2047 315.9347 15.34079715490857
CARTOSAT-2F
1 43111U 18004A   26223.33728848  .00000678  00000+0  35426-4 0  9995
2 43111  97.4758 282.4197 0002752  79.5536 280.6008 15.19205445475709
GAOFEN-1 02
1 43259U 18031A   26223.87069569  .00000271  00000+0  46325-4 0  9994
2 43259  98.0496 286.2293 0002756 162.3702 197.7604 14.76446071450917
GAOFEN-1 03
1 43260U 18031B   26223.84868359  .00000310  00000+0  51936-4 0  9995
2 43260  98.0482 286.0599 0001403 223.2600 136.8499 14.76449815450907
GAOFEN-1 04
1 43262U 18031D   26223.82436080  .00000451  00000+0  72143-4 0  9996
2 43262  98.0497 286.2335 0000840 122.4353 237.6937 14.76470123450895
GAOFEN-5 01
1 43461U 18043A   26223.89272545  .00000115  00000+0  33816-4 0  9992
2 43461  98.4625 196.6651 0000415 264.2265  95.8888 14.60639030439829
GAOFEN-6
1 43484U 18048A   26223.84796461 -.00000212  00000+0 -22928-4 0  9997
2 43484  98.0939 286.6104 0010695 359.6921   0.4280 14.76409335441607
GAOFEN-11 01
1 43585U 18063A   26223.86356177  .00006964  00000+0  98583-4 0  9992
2 43585  97.1251 290.6310 0005402 115.1588 245.0229 15.56799970449002
ICESAT-2
1 43613U 18070A   26223.81224750  .00004420  00000+0  16076-3 0  9999
2 43613  92.0080 306.0119 0000426 165.9954 194.1307 15.28220947440956
HYSIS
1 43719U 18096A   26223.83657779  .00000591  00000+0  87677-4 0  9998
2 43719  97.9811 290.1366 0001092  72.6976 287.4354 14.78656895415649
KAZSTSAT
1 43783U 18099AB  26223.80130245  .00000103  00000+0  12786-4 0  9991
2 43783  97.4246 253.2195 0009073 226.6240 133.4229 14.99972510419642
SAUDISAT 5A
1 43831U 18102A   26223.88296956  .00002719  00000+0  10047-3 0  9992
2 43831  97.3029 284.3963 0007808 301.4971  58.5506 15.28553942424186
SAUDISAT 5B
1 43833U 18102C   26223.82749388  .00002498  00000+0  91871-4 0  9999
2 43833  97.3140 287.5124 0008565 303.9343  56.1083 15.28784184424297
GAOFEN-10R
1 44622U 19066A   26223.88322922  .00000465  00000+0  63863-4 0  9995
2 44622  98.0538 177.8797 0004774 328.3852  31.7073 14.83108199370636
CARTOSAT-3
1 44804U 19081A   26223.81182242  .00001602  00000+0  78993-4 0  9990
2 44804  97.4274 284.7701 0010429 325.0428  35.0121 15.19335865371913
GAOFEN-12 01
1 44819U 19082A   26223.90654890  .00000160  00000+0  27563-4 0  9995
2 44819  97.8134 228.8223 0001269 127.9431 232.1896 14.80497785362333
CSG-1
1 44873U 19092A   26223.40997609  .00000155  00000+0  26080-4 0  9996
2 44873  97.8908  46.2199 0001510  90.2721 269.8665 14.82158624359659
NEMO-HD
1 46277U 20061F   26223.82503361  .00005510  00000+0  11623-3 0  9994
2 46277  97.1882 285.2430 0002074 125.0675 235.0769 15.45628618330572
SENTINEL-6A
1 46984U 20086A   26223.83169218 -.00000064  00000+0 -12506-4 0  9999
2 46984  66.0426  19.4752 0007764 269.0967  90.9159 12.80930469267457
CAS500-1
1 47932U 21022A   26223.81649494  .00003744  00000+0  17634-3 0  9993
2 47932  97.3825 117.9206 0007136  91.8326 268.3727 15.20109599299212
GAOFEN-12 02
1 48079U 21026A   26223.85601384  .00000148  00000+0  26340-4 0  9990
2 48079  97.9959 221.8193 0006126  62.8202 297.3634 14.80333909289990
PLEIADES NEO 3
1 48268U 21034A   26223.83237140  .00000083  00000+0  17153-4 0  9992
2 48268  97.8950 297.7984 0001457  95.7865 264.3514 14.81672660285899
PLEIADES NEO 4
1 49070U 21073E   26223.86612625 -.00000758  00000+0 -89762-4 0  9991
2 49070  97.8950 297.8277 0001437  92.0935 268.0443 14.81670193269616
LANDSAT 9
1 49260U 21088A   26223.75048490  .00000142  00000+0  41499-4 0  9999
2 49260  98.2246 293.2449 0001254 105.5154 254.6183 14.57111067259097
CSG-2
1 51444U 22008A   26223.84878569 -.00000267  00000+0 -27012-4 0  9992
2 51444  97.8902  46.6456 0001503  81.6993 278.4390 14.82146365244835
GAOFEN-12 03
1 52912U 22069A   26223.82750516 -.00000074  00000+0 -31153-5 0  9997
2 52912  97.8200 110.2755 0001471  45.4349 314.6983 14.80109631222845
SWOT
1 54754U 22173A   26223.79400590  .00000054  00000+0  38623-4 0  9993
2 54754  77.6127 320.2450 0000052  43.1695 316.9461 14.00171179186936
GAOFEN-12 04
1 57654U 23123A   26223.85270344  .00000417  00000+0  62234-4 0  9998
2 57654  97.9078 141.0279 0001441 336.3233  23.7912 14.79817512160866
PARS 1
1 59065U 24039Q   26223.90325160  .00006060  00000+0  12269-3 0  9998
2 59065  97.4864 206.6391 0006803 272.5699  87.4772 15.46804248137254
RESURS-P 4
1 59371U 24061A   26223.90264398  .00001563  00000+0  52347-4 0  9993
2 59371  97.2776 170.8503 0002163  52.4018 307.7421 15.32415994132295
LEGION 1
1 59625U 24081A   26223.83832832  .00001985  00000+0  10378-3 0  9998
2 59625  97.4995 301.1054 0009749 165.1606 194.9915 15.17004847125979
LEGION 2
1 59626U 24081B   26223.80310308  .00001927  00000+0  10081-3 0  9992
2 59626  97.4991 301.1666 0012570 137.6824 222.5381 15.16987873125970
ALOS-4 (DAICHI-4)
1 60182U 24123A   26223.82035624 -.00000057  00000+0 -80127-6 0  9991
2 60182  97.9220 320.1968 0001505  99.7811 260.3571 14.79464334114109
LEGION 3
1 60452U 24146A   26223.81930082  .00001615  00000+0  96685-4 0  9990
2 60452  45.0012  92.3027 0006958 146.7289 213.4027 15.15820922110465
LEGION 4
1 60453U 24146B   26223.88442175  .00002041  00000+0  11845-3 0  9997
2 60453  45.0004 183.8155 0011034 268.0469  91.9146 15.15838667109323
SENTINEL-2C
1 60989U 24157A   26223.83687477  .00000031  00000+0  28395-4 0  9990
2 60989  98.5663 297.8229 0001334 107.3280 252.8049 14.30821730100945
IONOSFERA-M 1
1 61735U 24199A   26223.89173983  .00000009  00000+0  23534-4 0  9999
2 61735  98.7087  96.4553 0001347  35.9709 324.1560 14.22763294135621
IONOSFERA-M 2
1 61736U 24199B   26223.85558458  .00000027  00000+0  31539-4 0  9994
2 61736  98.7086  96.3297 0001582 116.3743 243.7597 14.22766561138740
PRSC-EO1
1 62725U 25012A   26223.83913205  .00003185  00000+0  16168-3 0  9999
2 62725  97.4197 295.1987 0007136  78.5217 281.6818 15.17602213 86634
BIOMASS
1 63772U 25090A   26223.53660297  .00000375  00000+0  74545-4 0  9997
2 63772  98.0757  50.0529 0001508  88.5573 271.5804 14.67535972 68802
GOSAT-GW (IBUKI GW)
1 64694U 25141A   26223.82622073 -.00000089  00000+0 -72013-5 0  9993
2 64694  98.0580 160.2396 0001360  84.8555 275.2805 14.67553739 60008
IONOSFERA-M 3
1 64876U 25155A   26223.85275446  .00000004  00000+0  21493-4 0  9991
2 64876  98.6078 184.3686 0002465  70.4840 289.6604 14.21494700 54317
IONOSFERA-M 4
1 64877U 25155B   26223.88749924 -.00000010  00000+0  15172-4 0  9997
2 64877  98.6069 184.3193 0001824  71.0802 289.0573 14.21497188 54316
MICROCARB
1 64899U 25156A   26223.79216344  .00000235  00000+0  44461-4 0  9998
2 64899  98.0055 300.1030 0018793  87.5723 272.7636 14.72910869 56159
CO3D 3
1 64900U 25156B   26223.80788586  .00001086  00000+0  53278-4 0  9996
2 64900  97.4339 301.7010 0001032  72.8524 287.2824 15.20198576 57988
CO3D 4
1 64901U 25156C   26223.80804780  .00002048  00000+0  97683-4 0  9999
2 64901  97.4342 301.7012 0002581 102.7031 257.4493 15.20202625 57983
CO3D 2
1 64902U 25156D   26223.84052037  .00002138  00000+0  10188-3 0  9998
2 64902  97.4342 301.6320 0000959 104.5426 255.5916 15.20201204 57981
CO3D 1
1 64903U 25156E   26223.84066793  .00002099  00000+0  10007-3 0  9999
2 64903  97.4343 301.6322 0001174  94.4608 265.6761 15.20193952 57984
PRSC-S1
1 65055U 25164A   26223.74753303  .00002041  00000+0  14627-3 0  9995
2 65055  41.1319 334.8021 0006531   0.8350 359.2474 15.06846725 56812
SENTINEL-6B
1 66514U 25264A   26223.83203985 -.00000065  00000+0 -17877-4 0  9990
2 66514  66.0426  19.6008 0007783 267.9301  92.0823 12.80930489 34291
CAS500-3
1 66655U 25274F   26223.81388683  .00000653  00000+0  76513-4 0  9997
2 66655  97.7417 150.5955 0005740  60.1249 300.0538 14.88260511 38425
CSG-3
1 67304U 26001A   26223.08509033  .00000135  00000+0  23485-4 0  9996
2 67304  97.8907  45.8986 0001434  88.5754 271.5624 14.82156877 32596
PRSC-E03
1 68835U 26092A   26223.85470759  .00001270  00000+0  90637-4 0  9997
2 68835  38.0007 121.3531 0002719 109.7716 250.3339 15.06911968 16352
CAS500-2
1 69013U 26100AK  26223.69620682  .00002777  00000+0  13053-3 0  9999
2 69013  97.3817 120.4450 0009663 159.2357 200.9273 15.20375234 15245
BEIJING 1
1 28890U 05043A   26223.87037547  .00000246  00000+0  56804-4 0  9993
2 28890  98.2978 357.4149 0015842 105.9499 254.3449 14.63562277108791
UK-DMC 2
1 35683U 09041C   26223.87969042  .00000770  00000+0  11870-3 0  9992
2 35683  97.8900 357.5082 0001848  80.9014 279.2405 14.76105481914788
DMC3-FM1
1 40715U 15032A   26223.83380681 -.00000066  00000+0 -17008-5 0  9994
2 40715  97.6391  86.8079 0004312 219.9461 140.1438 14.85789276598172
DMC3-FM2
1 40716U 15032B   26223.85561270  .00000610  00000+0  76069-4 0  9996
2 40716  97.6444  88.4402 0004678 226.8082 133.2743 14.85799811598179
DMC3-FM3
1 40717U 15032C   26223.81200279  .00000161  00000+0  24417-4 0  9993
2 40717  97.6495  90.1862 0003828 225.7915 134.2987 14.85787880598179
THEMIS A
1 30580U 07004A   26200.30138716 -.00000547  00000+0  00000+0 0  9991
2 30580   8.7612 106.9403 8357082 205.5446  59.6753  0.87844000 41566
THEMIS D
1 30797U 07004D   26223.89270832 -.00000631  00000+0  00000+0 0  9990
2 30797   8.0451  77.4299 8319073 239.9185 204.4933  0.87589347 41564
THEMIS E
1 30798U 07004E   26222.88605324 -.00000671  00000+0  00000+0 0  9991
2 30798   6.8597  94.2991 8429572 226.0063 126.8603  0.87839709 66407
OTB-3-GAZELLE
1 54023U 22127A   26223.89100605  .00000057  00000+0  30161-4 0  9998
2 54023  98.3991 214.7588 0013713  25.9428 334.2446 14.42692455202399
EOS-6 (OCEANSAT-3)
1 54361U 22158A   26223.82785492  .00000087  00000+0  35876-4 0  9994
2 54361  98.3551 321.2857 0001843 132.0841 228.0508 14.46996543195882
KINEIS-1B
1 60079U 24114A   26223.80402506  .00000319  00000+0  48290-4 0  9993
2 60079  97.9824 247.7242 0000882 282.5926  77.5187 14.80705183115631
KINEIS-1C
1 60081U 24114C   26223.83766610  .00000308  00000+0  46948-4 0  9994
2 60081  97.9847 247.6191 0001929  61.4727 298.6679 14.80702976115614
KINEIS-1D
1 60082U 24114D   26223.82295203  .00000267  00000+0  45817-4 0  9997
2 60082  97.9882 243.3548 0002330  56.2363 303.9068 14.76391310115330
KINEIS-1E
1 60083U 24114E   26223.85498152  .00000311  00000+0  47196-4 0  9991
2 60083  97.8946 246.3997 0003625  52.7452 307.4090 14.80734408115620
KINEIS-1A
1 60084U 24114F   26223.82108834  .00000304  00000+0  46295-4 0  9995
2 60084  97.8920 246.4504 0003261 342.6540  17.4561 14.80720289115626
KINEIS-3C
1 61220U 24172A   26223.80094046  .00000792  00000+0  13323-3 0  9995
2 61220  98.0424 313.1088 0001276  40.3216 319.8086 14.72287393101256
KINEIS-3D
1 61221U 24172B   26223.79425205  .00000784  00000+0  13188-3 0  9999
2 61221  98.0424 313.1119 0001133  47.0076 313.1226 14.72287948101532
KINEIS-3E
1 61222U 24172C   26223.77717970  .00000814  00000+0  13670-3 0  9991
2 61222  98.0420 313.0745 0001096  84.7059 275.4273 14.72287446101535
KINEIS-3A
1 61223U 24172D   26223.76059022  .00000779  00000+0  13115-3 0  9992
2 61223  98.0417 313.1552 0000538 252.5398 107.5750 14.72308012100953
KINEIS-3B
1 61224U 24172E   26223.81129840  .00000781  00000+0  13146-3 0  9992
2 61224  98.0411 313.2255 0000922 200.3713 159.7458 14.72286997101534
KINEIS-5C
1 62081U 24219A   26223.85609167  .00000269  00000+0  50201-4 0  9990
2 62081  97.9101  21.1816 0005539 102.2963 257.8865 14.72344666 91947
KINEIS-5D
1 62082U 24219B   26223.87912311  .00000398  00000+0  70292-4 0  9996
2 62082  97.9214  21.3179 0006449  95.3703 264.8241 14.72535712 91953
KINEIS-5E
1 62083U 24219C   26223.83278463  .00000250  00000+0  47180-4 0  9993
2 62083  97.9058  21.2379 0007845  89.5301 270.6806 14.72327408 91954
KINEIS-5A
1 62084U 24219D   26223.74275524  .00000722  00000+0  12160-3 0  9992
2 62084  97.8999  21.4105 0005666 121.9147 238.2612 14.72408326 91948
KINEIS-5B
1 62085U 24219E   26223.88561041  .00000478  00000+0  72703-4 0  9998
2 62085  98.0122  27.4174 0003325  93.4251 266.7340 14.78433891 92239
KINEIS-2C
1 62929U 25028B   26223.87095490  .00000691  00000+0  11427-3 0  9995
2 62929  98.1207 278.3192 0005240  93.4750 266.7057 14.73494950 80814
KINEIS-2D
1 62930U 25028C   26223.71809676  .00000687  00000+0  10753-3 0  9995
2 62930  97.9251 275.0888 0004027  48.3844 311.7710 14.75837175 80902
KINEIS-2E
1 62931U 25028D   26223.70573465  .00000598  00000+0  91655-4 0  9991
2 62931  97.8919 274.1506 0001553  77.2291 282.9093 14.77147743 80975
KINEIS-2A
1 62932U 25028E   26223.71232324  .00000540  00000+0  90998-4 0  9995
2 62932  98.1265 279.1868 0004340   9.8335 350.2957 14.73506171 80784
KINEIS-2B
1 62934U 25028G   26223.68976637  .00000570  00000+0  95362-4 0  9998
2 62934  97.9632 275.5377 0002957   0.9782 359.1432 14.73507195 80835
KINEIS-4E
1 63300U 25056A   26223.84141912  .00000669  00000+0  11326-3 0  9991
2 63300  97.9095 346.2118 0001635  37.5269 322.6052 14.72371054 75315
KINEIS-4C
1 63301U 25056B   26223.85408017  .00000709  00000+0  11976-3 0  9991
2 63301  97.9149 346.4907 0004729 132.6927 227.4680 14.72344133 75327
KINEIS-4D
1 63302U 25056C   26223.85855618  .00000695  00000+0  11770-3 0  9991
2 63302  97.9070 346.4384 0003472 138.0477 222.0997 14.72273318 75322
KINEIS-4A
1 63303U 25056D   26223.89262250  .00000674  00000+0  11416-3 0  9994
2 63303  97.9164 346.4577 0003117 104.2438 255.9116 14.72352749 75323
KINEIS-4B
1 63304U 25056E   26223.87543796  .00000686  00000+0  11602-3 0  9990
2 63304  97.9176 346.5021 0006933 115.3502 244.8424 14.72341519 75317
STARLETTE
1 07646U 75010A   26223.82819101 -.00000128  00000+0  10221-4 0  9992
2 07646  49.8234 244.9688 0205772 246.8732 111.0357 13.82351413602233
LAGEOS 1
1 08820U 76039A   26223.89906096 -.00000001  00000+0  00000+0 0  9995
2 08820 109.8091 198.3988 0044646 290.3170 248.3119  6.38664727916698
COSMOS 1989 (ETALON 1)
1 19751U 89001C   26222.40564905  .00000017  00000+0  00000+0 0  9994
2 19751  64.9788  70.3422 0023339 217.4395 312.5158  2.13155949292520
COSMOS 2024 (ETALON 2)
1 20026U 89039C   26223.84541042 -.00000044  00000+0  00000+0 0  9999
2 20026  64.8971 308.6173 0020835 212.2537 149.8160  2.13204535289693
LAGEOS 2
1 22195U 92070B   26223.51856970 -.00000009  00000+0  00000+0 0  9991
2 22195  52.6391 231.6906 0138009 211.5687 318.4399  6.47294104799004
STELLA
1 22824U 93061B   26223.86093387 -.00000033  00000+0  49828-5 0  9998
2 22824  98.7685 288.3015 0007471  77.4607  58.8990 14.27471768712714
LARETS
1 27944U 03042F   26223.82264350 -.00000009  00000+0  79204-5 0  9996
2 27944  98.4217  27.2137 0011450 218.2632 141.7758 14.63876952221500
LARES
1 38077U 12006A   26223.84395541 -.00000053  00000+0 -86077-4 0  9999
2 38077  69.4892 197.1786 0009702 334.3875  25.6670 12.54932395664055
LARES-2
1 53105U 22080A   26223.57636157  .00000003  00000+0  00000+0 0  9992
2 53105  70.1507 286.3298 0005608 323.0591  36.9866  6.38965134 95205
PROBA-1
1 26958U 01049B   26223.82212830  .00001130  00000+0  76406-4 0  9996
2 26958  97.9620 234.3092 0053235 295.6741  63.8994 15.07715687352006
APRIZESAT 4
1 35684U 09041D   26223.75227362  .00000338  00000+0  46922-4 0  9999
2 35684  98.1383 300.1727 0044169 140.0631 220.3845 14.83949710919604
APRIZESAT 3
1 35686U 09041F   26223.87012209  .00000344  00000+0  35280-4 0  9998
2 35686  98.2140  19.7912 0060157 242.7420 116.7664 14.96367654924707
PROBA-2
1 36037U 09059B   26223.74200096  .00000067  00000+0  26054-4 0  9998
2 36037  98.2473  46.3326 0014525 107.5519 252.7266 14.54883414889606
APRIZESAT 5
1 37792U 11044E   26223.80935253  .00000315  00000+0  47086-4 0  9995
2 37792  98.2451 158.4309 0051959 182.0696 178.0309 14.81162862807024
APRIZESAT 6
1 37793U 11044F   26223.70007079  .00000263  00000+0  44767-4 0  9996
2 37793  98.2307 135.3225 0041615 268.3594 154.0518 14.76989717805348
PROBA-V
1 39159U 13021A   26223.85470544  .00000015  00000+0  24561-4 0  9993
2 39159  98.3642 199.7274 0003761 348.2170  11.8921 14.23607728689030
APRIZESAT 7
1 39416U 13066A   26223.83258044  .00000633  00000+0  67839-4 0  9996
2 39416  97.7745 176.2667 0036539  29.1438 331.1809 14.91678432689522
APRIZESAT 8
1 39425U 13066K   26223.83238463  .00000430  00000+0  52315-4 0  9997
2 39425  97.8248 170.5347 0047351 102.3640 258.2883 14.87735889687946
BUGSAT-1 (TITA)
1 40014U 14033E   26223.81470499  .00002174  00000+0  11583-3 0  9991
2 40014  98.0426 319.6380 0027401 353.5644   6.5231 15.16112278664269
SAUDISAT 4
1 40016U 14033G   26223.84438853  .00000256  00000+0  40629-4 0  9997
2 40016  97.7659   8.0805 0043338 251.6383 108.0114 14.79601353654308
APRIZESAT 9
1 40018U 14033J   26223.86288216  .00000178  00000+0  33735-4 0  9990
2 40018  97.9131 355.7230 0066516  22.5231 337.8874 14.74279858651769
APRIZESAT 10
1 40019U 14033K   26223.84033631  .00000227  00000+0  43345-4 0  9991
2 40019  97.9713 349.5779 0080125  96.0492 264.9853 14.70941531650432
TECHDEMOSAT-1 (TDS-1)
1 40076U 14037H   26223.88535639  .00003828  00000+0  21500-3 0  9995
2 40076  98.3846 221.6621 0007981  83.2649 276.9488 15.14016612656653
TECHNOSAT
1 42829U 17042E   26223.42960645  .00001403  00000+0  10220-3 0  9995
2 42829  97.4353  19.0170 0015842 264.5778  95.3642 15.05237263495017
HAWK-A
1 43765U 18099H   26223.72920044  .00003534  00000+0  14075-3 0  9999
2 43765  97.3877 275.2508 0036053  90.2309 270.3061 15.25292133421567
HAWK-B
1 43794U 18099AN  26223.68675138  .00003409  00000+0  14409-3 0  9999
2 43794  97.3924 274.5057 0033378 107.9662 252.5218 15.23405114421488
HAWK-C
1 43799U 18099AT  26223.70859774  .00004401  00000+0  15551-3 0  9999
2 43799  97.3854 276.4212 0041504  89.2837 271.3158 15.28896056422392
HAWK-2C
1 47502U 21006CT  26223.69388516  .00003448  00000+0  10291-3 0  9992
2 47502  97.2248 266.9082 0006987  18.6687 341.4812 15.35277347308010
HAWK-2A
1 47505U 21006CW  26223.69535231  .00003686  00000+0  10964-3 0  9994
2 47505  97.2288 267.6209 0006605  23.8695 336.2854 15.35336651308012
HAWK-2B
1 47508U 21006CZ  26223.68663278  .00003495  00000+0  10365-3 0  9992
2 47508  97.2159 265.8575 0006969  20.6349 339.5175 15.35463270308012
HAWK-3B
1 48931U 21059BE  26223.51818777  .00026969  00000+0  18915-3 0  9999
2 48931  97.6605  65.6496 0005668 116.1669 244.0178 15.74165429286546
HAWK-3C
1 48948U 21059BX  26223.51785955  .00026892  00000+0  18855-3 0  9996
2 48948  97.6721  71.4278 0006033 115.7064 244.4823 15.74170254286540
HAWK-3A
1 48957U 21059CG  26223.51773863  .00026060  00000+0  18280-3 0  9990
2 48957  97.6666  68.5887 0005831 116.7106 243.4755 15.74167913286545
HAWK-5C
1 52754U 22057Y   26223.48167617  .00008812  00000+0  14217-3 0  9990
2 52754  97.6640  26.8102 0003189 208.9124 151.1952 15.53167900234924
HAWK-5B
1 52756U 22057AA  26223.48151466  .00008975  00000+0  14474-3 0  9992
2 52756  97.6652  25.1684 0004087 204.7224 155.3833 15.53167164234925
HAWK-5A
1 52757U 22057AB  26223.41687116  .00009355  00000+0  15080-3 0  9999
2 52757  97.6649  25.9282 0003877 207.4825 152.6223 15.53168345234911
HAWK-6B
1 55324U 23011A   26223.84911950  .00002349  00000+0  10489-3 0  9990
2 55324  40.4989  27.3009 0001702  54.5957 305.5011 15.23352520196336
HAWK-6C
1 55326U 23011C   26223.78291564  .00002419  00000+0  10776-3 0  9994
2 55326  40.4984  24.5193 0002121  38.4560 321.6400 15.23356422196339
HAWK-6A
1 55327U 23011D   26223.84851370  .00002490  00000+0  11069-3 0  9994
2 55327  40.4990  25.7665 0002019  33.4021 326.6916 15.23355364196349
HAWK-7A
1 56191U 23054P   26223.65710377  .00002877  00000+0  10838-3 0  9993
2 56191  97.2619 109.5806 0002898 160.3955 199.7396 15.27875505185499
HAWK-7B
1 56193U 23054R   26223.65703757  .00002867  00000+0  10803-3 0  9990
2 56193  97.2645 107.8639 0001841 151.6221 208.5119 15.27874670185495
HAWK-7C
1 56200U 23054Y   26223.72239803  .00002811  00000+0  10598-3 0  9993
2 56200  97.2622 108.6792 0002450 149.3074 210.8310 15.27875346185507
SAUDISAT 2
1 28371U 04025F   26223.87290911  .00000106  00000+0  34582-4 0  9996
2 28371  98.5543 225.3027 0025740 124.1355 236.2289 14.56710826173853
SAUDISAT 3
1 31118U 07012B   26223.88391669  .00000089  00000+0  22638-4 0  9990
2 31118  98.1491 174.3316 0015768  53.6994 306.5666 14.71453947 35933
SAR-LUPE 2
1 31797U 07030A   26223.85424123  .00017804  00000+0  24151-3 0  9996
2 31797  98.1068 335.5516 0007533 206.0260 154.0616 15.57703160 65585
SAPPHIRE
1 39088U 13009C   26223.79413021  .00000026  00000+0  24139-4 0  9993
2 39088  98.4293  41.9398 0012419  84.2845 275.9756 14.35253609704557
PRAETORIAN SDA_602
1 65565U 25203A   26223.76445345  .00000030  00000+0  15987-4 0  9998
2 65565  81.3058 319.3232 0006785  54.1331 306.0455 13.83890886 46388
PRAETORIAN SDA_603
1 65566U 25203B   26223.79128356  .00000171  00000+0  14364-3 0  9995
2 65566  81.3063 319.2185 0010345  47.6054 312.5977 13.83963222 46394
PRAETORIAN SDA_604
1 65567U 25203C   26223.77466223  .00000034  00000+0  19779-4 0  9996
2 65567  81.3080 319.7338 0006391  58.8385 301.3397 13.83053737 46366
PRAETORIAN SDA_605
1 65568U 25203D   26223.80370138  .00000036  00000+0  22148-4 0  9996
2 65568  81.3045 319.3309 0008924  46.7363 313.4536 13.83202934 46384
PRAETORIAN SDA_606
1 65569U 25203E   26223.78889558  .00000034  00000+0  19822-4 0  9998
2 65569  81.3081 319.5934 0006861  52.3897 307.7881 13.83201745 46371
PRAETORIAN SDA_607
1 65570U 25203F   26223.76811544  .00000138  00000+0  11361-3 0  9992
2 65570  81.3067 319.2039 0009648  48.0354 312.1622 13.83759999 46390
PRAETORIAN SDA_608
1 65571U 25203G   26223.74942378  .00000025  00000+0  11883-4 0  9996
2 65571  81.3034 319.3732 0006857  56.8664 303.3149 13.83821963 46371
PRAETORIAN SDA_609
1 65572U 25203H   26223.73860841  .00000168  00000+0  14019-3 0  9991
2 65572  81.3076 319.3567 0007590  50.2441 309.9384 13.84213758 46382
PRAETORIAN SDA_610
1 65573U 25203J   26223.73711043  .00000027  00000+0  14070-4 0  9993
2 65573  81.3036 319.3608 0007553  55.3118 304.8749 13.83531460 46371
PRAETORIAN SDA_611
1 65574U 25203K   26223.75037161  .00000294  00000+0  25708-3 0  9993
2 65574  81.3045 319.5393 0006572  61.4604 298.7213 13.83312556 46362
PRAETORIAN SDA_612
1 65575U 25203L   26223.74285623  .00000085  00000+0  64371-4 0  9999
2 65575  81.3056 318.9967 0010029  47.3106 312.8894 13.85043839 46402
PRAETORIAN SDA_613
1 65576U 25203M   26223.77891713  .00000029  00000+0  15308-4 0  9990
2 65576  81.3026 319.5534 0006415  51.9422 308.2312 13.82770321 46362
PRAETORIAN SDA_614
1 65577U 25203N   26223.74254497  .00000045  00000+0  29457-4 0  9998
2 65577  81.3040 319.0885 0007822  47.9946 312.1876 13.84781437 46408
PRAETORIAN SDA_615
1 65578U 25203P   26223.80536911  .00000153  00000+0  12560-3 0  9996
2 65578  81.3049 319.0290 0009676  46.7286 313.4676 13.84440136 46401
PRAETORIAN SDA_616
1 65579U 25203Q   26223.75122191  .00000109  00000+0  88439-4 0  9992
2 65579  81.3091 319.7213 0006403  59.4836 300.6952 13.83272255 46362
PRAETORIAN SDA_617
1 65580U 25203R   26223.77755697  .00000027  00000+0  14039-4 0  9993
2 65580  81.3064 319.5230 0008099  48.0832 312.1014 13.83154584 46376
PRAETORIAN SDA_618
1 65581U 25203S   26223.77695684  .00000081  00000+0  61617-4 0  9997
2 65581  81.3049 318.9963 0010500  49.5854 310.6217 13.84227034 46400
PRAETORIAN SDA_619
1 65582U 25203T   26223.76064139  .00000113  00000+0  91274-4 0  9990
2 65582  81.3072 319.3651 0008943  47.5302 312.6609 13.83727609 47017
PRAETORIAN SDA_620
1 65583U 25203U   26223.73509071  .00000128  00000+0  10622-3 0  9990
2 65583  81.3057 319.4420 0008157  46.1190 314.0638 13.83210075 46373
PRAETORIAN SDA_621
1 65584U 25203V   26223.76227772  .00000028  00000+0  14141-4 0  9999
2 65584  81.3048 319.2882 0007984  43.1326 317.0455 13.83807381 46382
PRAETORIAN SDA_601
1 65585U 25203W   26223.75836730  .00000086  00000+0  67892-4 0  9994
2 65585  81.3075 319.6516 0006522  62.5161 297.6658 13.83172887 46362
VICTUS HAZE PUMA
1 69646U 26142A   26223.80878020  .00001736  00000+0  81156-4 0  9995
2 69646  97.3800 120.7849 0009125 183.3360 176.7816 15.21067825  8126
CALSPHERE 1
1 00900U 64063C   26223.85589440  .00000355  00000+0  35141-3 0  9995
2 00900  90.2184  73.0674 0027381 120.7117   6.5451 13.76675181 79082
CALSPHERE 2
1 00902U 64063E   26223.86061167  .00000044  00000+0  52999-4 0  9995
2 00902  90.2306  77.1149 0020503  67.9972 305.4054 13.52904308863791
LCS 1
1 01361U 65034C   26223.81044573  .00000007  00000+0 -22408-3 0  9992
2 01361  32.1443  44.9513 0012048 318.6406  41.3179  9.89310629215391
TEMPSAT 1
1 01512U 65065E   26223.75708681  .00000031  00000+0  42535-4 0  9994
2 01512  89.9997 212.5965 0071766  92.5358  80.7411 13.33596820967453
CALSPHERE 4A
1 01520U 65065H   26223.70794793  .00000054  00000+0  86254-4 0  9998
2 01520  89.8964 121.9389 0068557 308.3271 105.7022 13.36286845970124
OPS 5712 (P/L 160)
1 02826U 67053A   26223.81255898  .00002881  00000+0  40587-3 0  9995
2 02826  69.9149 261.8808 0004133 290.9006  69.1699 14.78359532 74455
OPS 5712 (P/L 153)
1 02874U 67053H   26223.76358819 -.00000040  00000+0  95789-5 0  9991
2 02874  69.9758 356.1798 0005300 139.3181 220.8321 13.96835541 14558
RIGIDSPHERE 2 (LCS 4)
1 05398U 71067E   26223.79480801  .00000294  00000+0  89161-4 0  9991
2 05398  87.6251 323.3747 0061448  50.0418 310.6156 14.37930766881876
COSMOS 2493 (SKRL-756 1)
1 39490U 13078A   26223.83524041  .00001812  00000+0  13453-3 0  9996
2 39490  82.4115 206.7327 0014500  60.1680 300.0984 15.02400452686317
COSMOS 2494 (SKRL-756 2)
1 39491U 13078B   26223.86551747  .00002318  00000+0  16035-3 0  9994
2 39491  82.4117 195.8590 0016820  21.7072 338.4863 15.05146827687188
LEO 1 (LEO VANTAGE 1)
1 43113U 18004C   26223.73027922  .00000937  00000+0  71466-4 0  9998
2 43113  99.2401 149.2868 0347747 268.9179  87.2171 14.68174866445630
